Emotion,Dialogue_ID
4,0
4,0
4,0
4,0
6,0
4,0
4,0
4,0
2,0
4,0
4,0
6,1
5,1
6,1
2,1
4,1
4,2
3,2
5,2
4,2
1,2
4,2
4,2
4,2
3,2
6,3
4,3
4,3
4,3
6,3
5,3
4,4
4,4
4,4
6,4
5,4
4,5
4,5
3,5
3,5
5,5
4,6
4,7
3,8
6,8
4,8
4,8
0,8
3,8
4,8
6,8
0,8
0,8
4,8
4,8
5,8
5,8
5,8
0,8
0,8
0,8
4,9
0,9
4,10
4,10
4,10
4,11
4,11
3,11
4,12
4,12
3,12
4,12
4,12
4,12
4,12
3,12
3,13
4,13
3,13
4,13
4,13
1,13
0,13
0,14
0,14
0,14
0,15
4,15
4,16
3,16
3,17
3,18
3,19
3,20
3,21
1,21
1,21
2,21
4,21
6,21
2,21
1,21
0,21
3,22
4,22
6,22
4,23
4,23
4,23
4,24
4,24
5,24
6,24
5,24
5,24
4,24
4,24
4,24
4,24
0,24
4,24
0,24
3,24
3,24
4,25
4,25
4,25
4,26
4,26
0,26
4,26
0,26
3,26
3,26
4,27
4,27
4,27
3,27
3,28
0,28
4,28
0,28
3,28
3,28
3,29
3,29
3,30
6,31
4,31
4,32
4,32
0,33
3,33
4,33
4,34
2,35
4,35
2,35
2,36
3,37
4,38
4,38
3,38
5,38
6,38
2,38
4,40
3,40
3,40
3,40
4,40
4,40
4,40
3,40
3,40
6,40
3,41
3,41
3,41
3,41
4,41
4,41
4,41
4,41
3,41
3,41
4,42
3,42
4,42
6,42
3,43
6,43
6,43
0,43
1,43
4,43
1,43
4,43
6,44
4,44
0,44
1,44
4,44
1,44
1,45
4,45
6,45
4,45
6,46
0,46
4,46
6,46
0,47
6,47
6,48
3,48
3,49
4,49
4,49
4,49
4,50
4,50
4,51
4,51
4,52
4,52
4,52
3,52
4,52
4,52
3,52
2,52
3,53
3,53
3,53
3,53
4,53
4,53
4,53
4,53
4,53
4,53
6,54
4,54
3,54
3,54
5,54
4,54
4,55
6,55
4,56
4,56
4,56
4,56
5,56
4,57
3,57
4,57
4,57
4,57
4,57
5,58
3,58
0,59
3,59
2,59
3,59
2,59
5,59
6,60
3,60
4,60
3,60
0,60
0,60
0,60
0,60
4,61
4,62
3,62
4,62
2,62
3,63
4,63
4,63
0,63
0,63
2,63
4,63
2,63
0,63
0,64
4,65
4,65
4,65
4,66
4,66
4,67
4,68
4,68
4,69
0,70
6,71
0,71
4,71
4,72
4,72
4,73
2,73
0,74
2,74
3,75
3,76
4,76
4,77
4,77
4,77
4,77
4,78
4,78
4,79
3,80
3,81
4,81
4,82
4,82
4,82
3,82
4,82
4,82
4,82
4,82
4,82
6,82
4,82
1,82
6,83
3,83
3,83
3,83
4,84
4,85
4,86
3,86
3,86
0,87
4,88
4,88
0,88
6,88
4,89
6,89
4,89
0,89
6,89
0,91
0,91
0,91
0,91
0,91
4,91
4,91
0,91
0,91
0,91
0,92
0,92
0,92
0,92
3,92
4,92
4,92
0,92
0,92
3,93
4,93
1,93
4,93
0,94
0,95
4,95
4,95
3,95
4,96
4,97
4,98
4,98
2,98
6,98
3,99
4,99
1,99
2,99
6,99
3,99
5,99
5,100
5,101
6,101
4,101
4,101
4,101
4,101
4,101
4,101
1,101
4,101
1,101
6,101
4,102
6,102
4,103
4,103
4,103
4,103
4,103
4,104
5,105
1,105
4,105
0,105
4,105
3,106
6,106
0,106
3,106
2,106
0,107
6,107
6,108
4,108
4,109
0,109
6,109
6,110
3,110
6,110
3,111
2,111
3,111
4,112
4,112
4,112
4,112
4,112
4,112
4,112
3,112
4,112
4,112
6,112
6,112
4,112
3,112
3,112
4,112
4,113
0,113
3,113
2,113
6,113
4,114
0,114
2,114
4,114
4,114
4,114
4,114
4,115
4,115
4,115
4,115
6,115
4,116
6,116
4,116
6,116
4,117
4,117
4,117
4,117
4,117
4,117
4,118
0,118
4,118
6,118
4,118
3,119
0,119
4,119
2,119
2,119
5,119
3,119
6,119
6,119
5,120
4,120
1,120
0,120
0,120
0,120
0,120
0,120
0,120
3,121
4,121
4,121
4,121
4,121
4,121
4,121
4,122
4,122
4,122
3,122
4,122
3,122
1,123
5,123
0,123
4,123
0,123
0,124
2,124
2,124
4,124
0,124
5,124
3,124
4,124
4,124
2,124
2,124
5,124
5,124
5,124
3,124
3,124
3,124
2,125
2,125
4,125
3,125
0,125
3,125
4,125
4,125
2,125
5,125
5,125
5,125
3,126
4,127
3,128
3,128
4,128
6,128
4,128
3,128
4,128
6,129
6,130
4,130
3,130
6,131
4,131
6,131
4,131
4,131
4,131
3,131
4,132
6,132
6,133
0,134
6,134
4,134
4,134
4,134
4,135
3,135
4,135
3,136
4,136
5,136
3,136
5,136
3,137
4,137
4,138
4,138
6,138
6,138
4,138
3,139
4,139
3,139
3,139
0,139
5,139
0,140
4,140
0,141
4,141
4,142
3,142
4,142
3,142
3,143
0,143
4,144
0,144
4,144
3,145
3,145
4,146
4,146
4,146
4,146
4,146
4,146
5,146
3,146
5,146
4,146
6,147
3,147
4,147
3,147
5,147
3,147
4,147
3,147
3,147
3,148
4,148
4,148
0,148
0,149
3,149
3,150
4,150
4,150
3,151
4,151
5,151
4,151
3,152
4,153
4,154
4,154
4,154
0,154
4,154
4,155
0,155
0,156
4,158
6,158
4,158
6,158
4,158
4,158
4,158
4,159
3,159
3,159
4,159
4,159
4,159
3,160
4,160
1,160
0,160
4,161
4,161
4,162
4,162
4,162
4,162
3,162
3,162
5,162
4,163
4,163
4,163
3,163
3,164
0,164
6,164
0,165
0,165
0,166
4,167
1,167
3,167
1,167
4,167
4,168
3,168
6,168
4,168
4,168
4,169
4,169
3,169
2,169
2,170
4,170
4,170
0,170
0,170
0,170
6,170
3,171
6,171
3,171
4,171
0,171
4,171
0,171
0,171
6,171
4,172
4,172
0,172
1,172
5,172
4,172
1,172
1,172
4,172
4,173
1,173
4,173
1,173
4,174
4,174
4,175
4,175
4,175
2,176
0,176
0,177
0,177
4,177
4,178
4,178
5,178
4,179
4,179
4,179
4,179
4,180
4,180
6,180
4,180
4,180
6,180
4,180
4,181
4,181
4,181
4,181
6,181
4,181
4,181
4,181
5,182
5,182
3,183
3,184
4,184
4,185
3,186
3,187
3,187
4,188
4,188
0,189
4,189
4,190
3,190
3,190
4,190
0,190
1,190
4,190
3,190
4,191
3,191
3,191
4,191
0,191
1,191
4,191
3,191
4,192
4,192
4,193
6,193
4,193
6,193
6,194
6,194
4,195
4,195
1,195
0,195
5,195
4,195
4,195
3,195
3,195
4,195
3,196
4,196
3,196
0,196
4,196
4,196
4,196
4,196
4,196
3,197
3,197
0,197
4,197
4,197
4,197
4,197
4,197
4,198
4,198
4,199
0,199
3,200
4,200
4,200
0,200
3,200
4,200
4,200
0,200
4,200
0,201
4,201
4,201
4,202
3,202
4,203
4,203
2,203
4,203
4,203
4,203
4,204
4,205
4,205
4,205
3,206
4,206
3,206
4,206
4,206
3,206
3,206
6,207
3,207
4,209
4,209
4,209
4,210
2,210
4,211
4,211
3,211
4,212
4,212
4,213
3,213
4,214
4,214
4,214
4,214
4,215
3,216
4,216
3,216
3,217
4,217
4,217
4,218
1,218
4,218
4,218
2,218
2,218
3,218
1,219
0,219
4,219
4,219
2,219
2,219
0,220
3,220
3,220
4,220
4,220
4,220
3,221
5,221
5,221
5,221
4,222
6,222
3,224
4,225
6,225
2,225
2,225
4,225
6,225
4,225
2,225
4,225
1,225
6,225
1,225
6,226
0,226
0,226
1,226
4,227
0,227
4,227
4,227
4,227
4,227
3,227
4,227
4,228
4,228
4,228
4,228
4,228
3,228
4,228
4,228
6,229
4,229
3,229
3,229
4,230
4,230
4,230
4,231
4,231
0,231
4,231
6,231
6,232
4,233
4,233
5,233
6,233
4,233
4,233
5,233
3,234
4,234
3,234
4,234
4,235
6,235
3,235
0,235
3,235
4,236
4,236
4,236
5,236
5,236
6,236
4,236
4,236
4,236
4,236
2,237
3,237
6,237
4,237
2,237
2,238
4,238
4,239
4,239
4,239
4,239
4,239
4,239
4,241
4,241
4,241
4,242
3,242
3,243
1,243
1,244
0,244
5,244
6,245
2,245
4,245
4,245
4,245
1,245
1,245
4,245
6,246
2,246
4,246
4,246
4,246
4,246
3,246
3,246
1,246
4,246
4,246
3,247
1,247
4,247
4,247
1,247
1,247
6,248
0,248
0,248
0,248
4,248
0,248
4,248
0,248
4,248
0,248
3,249
4,249
5,249
5,250
3,250
3,250
6,250
5,250
3,250
3,251
4,251
4,251
4,251
4,251
4,251
4,251
6,251
3,252
3,252
3,253
0,253
0,254
4,254
0,254
4,254
5,254
0,255
3,256
3,256
3,256
4,256
3,256
3,256
3,257
5,257
5,257
5,258
5,258
0,258
0,258
4,258
4,258
0,258
6,258
3,259
4,259
4,259
1,259
4,259
4,259
4,259
4,259
1,259
4,259
6,259
4,259
4,259
4,259
3,259
4,260
4,261
6,262
4,262
5,262
5,262
4,262
5,262
4,262
5,262
4,262
4,263
4,263
4,263
4,263
4,263
4,264
4,264
4,264
0,265
0,265
3,265
6,265
1,265
4,265
4,265
3,265
0,265
4,265
4,265
0,265
4,266
4,266
0,266
0,267
3,267
3,268
3,268
4,269
4,269
6,269
4,270
4,270
4,270
4,270
4,270
4,270
4,270
4,271
4,272
4,272
4,273
5,273
5,274
3,274
3,275
4,275
4,276
4,276
4,276
4,276
6,277
0,277
2,277
0,277
6,277
0,278
2,278
0,278
6,279
0,279
1,279
1,280
1,280
1,280
0,280
3,280
1,280
1,281
1,281
0,281
1,281
6,281
4,281
2,282
0,282
1,282
1,282
0,282
4,282
6,282
4,283
5,283
4,283
0,283
4,283
4,283
4,283
5,283
5,283
4,284
4,284
4,284
3,284
6,284
1,284
6,284
4,284
0,284
0,285
4,285
0,285
0,285
0,285
1,285
4,285
4,285
4,285
4,285
4,285
2,285
4,285
0,285
0,285
5,285
5,286
4,286
4,286
3,286
2,287
4,287
4,288
0,288
5,288
3,289
3,289
3,289
6,289
4,289
3,289
5,289
4,289
4,289
4,289
0,289
4,289
3,290
4,290
4,290
4,290
6,290
6,291
5,291
5,291
4,292
3,292
4,292
3,292
4,292
4,293
4,293
1,293
4,293
4,294
0,294
0,294
0,294
3,295
3,295
3,296
0,296
0,296
0,296
0,296
0,297
0,297
0,297
3,298
4,298
3,298
6,298
3,298
4,298
4,298
5,299
6,299
0,299
4,299
6,299
4,299
2,299
6,299
4,299
5,300
0,300
4,300
4,300
3,301
3,301
3,302
3,302
4,303
4,303
5,303
6,303
4,304
6,305
4,305
3,306
3,306
3,306
3,306
3,306
3,307
3,307
3,307
3,307
3,307
4,307
5,308
4,308
5,308
3,308
4,308
3,308
5,308
5,309
3,309
3,309
4,309
5,310
4,310
3,311
4,311
4,311
6,311
4,312
4,313
0,313
6,313
4,313
6,313
0,313
0,313
2,314
6,314
2,314
3,314
4,315
3,315
6,315
4,315
3,315
2,315
3,315
4,315
4,315
4,315
3,315
3,315
3,315
4,316
4,316
4,316
3,317
6,317
4,317
4,317
6,318
0,318
5,318
0,318
0,319
4,319
4,319
4,320
0,320
0,321
4,321
4,322
5,322
0,323
4,323
4,323
4,323
4,324
4,324
6,324
4,324
4,324
4,324
0,324
4,324
4,324
3,325
4,325
6,326
4,326
6,326
1,326
4,326
1,326
6,326
4,326
4,326
5,326
4,326
3,327
4,327
4,327
4,327
6,327
4,328
4,328
3,328
3,328
4,328
3,328
4,328
3,329
3,329
0,329
0,329
4,329
0,329
6,329
3,330
0,330
0,330
3,332
3,332
3,333
4,333
4,333
5,333
3,334
3,335
3,335
4,335
6,335
6,336
4,336
4,336
5,336
5,336
4,337
5,337
4,337
5,337
6,338
4,338
6,338
6,339
4,341
4,341
4,341
4,342
6,342
4,342
4,343
3,343
4,344
4,344
2,344
3,344
3,344
3,344
3,345
2,345
3,345
3,345
5,345
3,345
4,346
4,347
4,347
3,347
4,347
4,347
4,347
4,347
4,347
0,348
5,349
5,349
5,350
6,350
6,351
4,351
6,351
4,351
3,351
2,351
3,353
3,354
4,354
0,355
4,355
4,355
6,355
4,355
5,356
5,356
0,356
0,356
0,356
4,356
0,356
4,356
4,356
4,356
4,356
4,356
4,356
3,357
4,357
3,357
4,357
4,357
3,357
4,357
4,357
4,357
3,357
3,358
4,358
3,359
5,359
4,359
4,359
0,359
6,359
4,359
0,359
4,359
6,359
0,359
0,359
0,359
0,359
4,360
3,360
3,361
0,361
4,362
6,362
6,362
5,362
6,362
4,362
2,362
6,362
6,363
6,363
5,363
6,363
6,363
6,364
6,364
6,365
4,365
3,366
3,366
3,366
3,366
6,366
5,367
6,367
4,367
6,368
4,368
6,369
4,369
6,369
4,369
0,370
0,370
0,370
2,371
4,371
4,372
4,372
4,372
4,373
0,374
0,375
0,376
0,377
4,378
4,379
6,379
0,379
3,379
3,380
4,380
4,381
4,381
4,382
3,382
3,383
4,383
3,383
4,383
3,384
3,385
4,385
0,386
4,386
3,386
4,386
4,386
4,386
5,387
4,387
4,387
3,387
1,387
1,388
3,388
5,389
4,389
4,389
3,389
3,389
4,390
3,390
4,390
4,390
6,390
4,390
4,390
4,391
3,391
4,392
4,392
4,392
4,392
0,392
4,392
4,392
4,393
6,394
0,394
4,394
4,395
4,395
6,395
3,395
4,396
4,396
3,397
3,397
6,397
4,397
4,397
4,398
4,399
4,399
5,400
3,400
3,400
3,400
6,400
4,400
3,401
3,401
3,401
4,401
3,402
3,402
3,402
4,402
4,402
4,403
4,404
6,404
4,405
0,405
0,405
0,405
0,405
3,405
4,406
2,406
5,406
2,406
6,406
6,406
3,406
4,407
4,407
4,408
4,408
4,408
4,408
0,408
4,409
3,409
4,409
4,409
3,410
3,411
3,411
3,411
3,412
4,412
3,413
4,413
4,413
4,413
4,413
5,413
4,414
4,414
4,415
4,415
6,415
4,415
4,415
4,415
5,415
4,416
4,416
4,416
3,417
3,418
4,418
4,419
3,419
0,420
0,420
0,421
4,421
6,421
0,421
0,421
0,421
0,422
0,422
3,423
4,423
6,423
4,423
3,423
4,423
3,423
6,424
4,424
4,424
4,424
4,424
4,424
0,424
0,424
4,424
4,425
4,425
4,425
4,425
4,425
3,425
3,425
4,425
4,425
1,426
4,426
4,427
4,427
1,427
5,427
6,427
6,427
1,428
3,428
4,428
4,428
3,429
0,429
4,429
4,429
3,429
3,430
3,431
3,432
5,433
0,434
0,434
0,434
0,434
0,434
3,434
3,434
0,435
3,435
3,436
4,436
4,437
3,438
4,438
1,438
4,438
4,439
3,439
4,439
3,439
3,440
1,440
4,441
1,441
3,441
1,442
6,442
3,442
6,442
4,442
3,443
2,443
6,443
4,444
4,444
6,444
1,444
4,444
0,444
4,444
6,444
4,445
4,445
3,445
6,446
5,446
5,447
4,447
6,447
4,447
3,447
4,447
5,448
4,448
4,448
4,449
4,449
4,449
5,449
5,450
4,450
5,450
4,450
4,450
4,450
4,450
4,450
4,451
5,451
4,451
4,451
4,451
4,451
4,451
4,451
3,452
4,452
3,452
3,452
4,452
5,452
4,453
3,453
3,453
5,454
5,455
4,455
5,455
5,456
4,456
5,456
0,456
5,457
5,459
4,460
2,460
3,461
4,461
3,461
5,461
3,461
4,461
3,461
4,461
3,461
3,461
4,462
3,462
4,462
1,462
1,462
1,462
1,462
3,463
3,463
4,463
4,463
3,463
4,463
3,463
3,463
3,463
4,463
1,463
1,463
4,464
4,464
4,464
4,464
4,465
4,465
5,465
4,465
4,465
4,465
4,465
4,465
4,466
4,466
4,466
4,467
4,467
3,467
3,467
4,468
4,468
4,468
3,468
4,468
4,468
5,468
4,468
4,468
6,469
3,469
4,469
4,469
4,469
4,469
4,469
6,469
3,469
1,469
3,469
4,470
4,470
4,470
1,470
3,470
4,470
3,471
4,472
6,472
4,472
5,472
1,472
3,472
0,473
5,473
4,473
6,473
4,473
3,474
4,474
4,474
4,474
4,475
3,475
4,476
4,476
4,476
4,476
4,476
4,476
0,476
4,476
0,476
5,476
4,476
4,477
4,477
6,478
4,478
4,478
6,478
4,478
0,478
0,478
6,478
4,479
4,479
6,479
6,479
4,479
6,480
6,481
6,481
6,482
4,482
4,482
6,482
3,483
6,483
3,484
4,484
0,484
4,484
6,485
6,486
4,486
0,486
4,486
6,486
0,486
0,487
6,487
3,487
3,487
6,487
6,488
3,488
4,488
4,489
4,489
4,490
4,491
4,491
4,491
4,492
4,492
4,492
0,492
6,492
4,492
4,492
1,492
4,492
0,492
4,493
4,493
4,493
1,493
6,494
0,494
4,494
6,494
0,494
6,494
5,494
5,494
4,494
4,495
4,495
4,495
4,495
4,495
4,496
4,496
3,496
3,496
4,496
2,496
2,497
3,497
4,498
4,498
2,499
4,499
4,500
4,500
4,500
0,501
5,501
0,501
3,501
0,501
4,501
0,501
4,501
3,501
0,502
5,502
0,502
3,502
3,502
1,502
1,503
1,503
1,503
3,504
4,504
4,504
6,504
5,504
4,505
4,505
4,505
6,506
4,507
4,507
4,507
4,507
3,508
3,508
3,508
3,508
4,508
3,508
3,508
5,508
1,508
1,508
5,508
6,508
5,508
4,508
3,509
5,509
5,510
4,510
4,510
4,510
4,511
4,511
4,511
4,511
4,512
6,512
3,512
3,513
3,513
0,513
3,513
0,513
4,514
4,514
3,514
5,514
5,514
3,514
3,514
4,515
4,515
3,515
5,515
5,515
5,515
3,515
4,515
3,515
3,515
6,516
6,516
3,516
6,516
6,517
0,519
4,519
4,519
4,519
0,520
4,520
4,520
4,521
4,521
4,521
4,521
4,521
4,521
4,521
4,521
4,521
4,521
4,521
3,521
1,521
4,521
4,522
4,522
4,522
4,522
3,522
4,522
1,522
4,522
3,523
4,523
3,524
4,525
3,525
6,525
4,525
3,525
4,525
3,525
2,525
3,525
4,525
2,526
0,526
0,526
0,526
1,527
6,527
4,527
1,527
3,527
2,527
0,527
3,527
1,527
1,527
5,528
4,528
0,528
4,528
4,528
4,528
0,528
3,528
4,528
5,528
0,528
3,529
4,529
4,529
5,529
0,529
4,530
5,530
0,530
3,531
2,531
2,531
2,531
4,532
6,532
4,532
4,532
4,532
3,532
2,533
2,533
4,534
0,534
5,534
5,534
5,534
5,535
5,535
5,535
5,535
5,535
5,536
5,536
5,536
5,536
4,536
4,536
5,537
5,537
5,537
4,537
2,537
6,538
6,538
4,538
0,538
0,538
4,538
5,538
4,539
4,539
5,539
5,540
0,540
6,541
6,541
6,541
4,541
4,541
3,541
3,541
4,542
4,542
3,542
4,542
0,542
2,542
4,542
4,542
4,542
4,542
4,542
4,542
3,542
4,542
4,542
0,543
4,543
0,543
5,543
4,544
6,544
4,545
3,545
3,545
4,545
6,546
3,546
3,546
3,546
3,546
6,546
6,547
4,547
0,547
2,548
6,548
0,548
3,548
0,548
0,549
4,549
4,549
4,550
0,550
5,550
5,550
4,550
4,550
0,550
6,550
3,550
4,551
0,551
5,551
5,551
4,552
0,552
5,552
5,552
4,552
4,552
6,553
6,554
6,554
4,554
3,554
0,554
0,554
2,554
3,554
2,554
6,554
0,555
0,555
2,555
0,555
0,556
0,556
2,556
4,556
4,556
6,556
2,556
0,556
1,556
6,556
1,556
2,556
0,556
2,557
3,558
4,558
4,559
4,559
4,559
0,559
4,559
4,559
4,559
3,560
3,560
4,560
5,560
3,561
3,561
4,561
5,561
4,561
3,561
6,562
5,562
0,562
0,562
4,562
0,563
2,563
4,563
6,563
2,564
0,564
6,565
4,565
4,566
4,566
3,566
3,566
4,566
4,566
2,566
4,567
0,567
0,568
4,568
4,569
6,569
4,569
1,569
4,569
1,569
4,569
6,569
3,570
4,570
3,570
1,571
4,571
1,571
4,571
4,571
4,572
4,573
3,573
4,573
4,573
4,573
4,573
4,573
4,573
4,573
4,573
4,574
4,574
4,574
4,574
4,574
4,574
4,575
4,576
4,576
4,577
4,577
4,578
4,578
4,579
5,579
0,579
4,579
0,579
4,579
3,579
4,579
4,579
0,580
4,580
4,580
3,580
4,580
4,580
4,580
4,581
3,581
4,582
6,582
6,582
4,582
6,583
4,583
4,583
4,583
4,583
4,584
6,584
4,584
3,584
4,584
4,584
4,584
4,584
2,585
4,585
5,585
5,585
5,586
6,587
6,587
2,587
4,587
2,587
4,587
4,587
4,587
3,587
6,588
6,588
2,588
4,588
4,588
3,588
4,588
4,589
5,589
4,592
6,592
5,592
0,592
0,592
0,592
0,592
0,592
0,592
0,592
0,592
4,592
0,592
0,592
4,593
6,593
0,593
4,593
4,593
4,594
4,595
6,595
0,595
4,595
4,595
4,595
3,595
6,595
6,596
4,597
4,598
4,598
4,599
3,599
4,599
3,599
0,600
3,600
4,600
5,600
4,601
4,601
3,602
0,602
6,602
1,602
4,602
1,602
0,602
0,602
2,602
4,602
2,603
2,603
4,603
2,603
4,604
2,604
6,604
4,604
6,605
4,605
3,605
1,605
4,605
2,605
5,605
4,606
2,606
2,607
0,607
0,608
4,608
4,609
4,610
4,610
4,610
0,611
4,612
4,612
0,612
0,612
4,613
4,613
4,613
6,613
4,613
4,613
0,613
0,613
4,614
4,614
6,614
3,615
4,615
4,615
3,615
4,616
4,617
4,617
3,618
4,618
4,618
4,618
4,618
4,618
3,618
3,618
4,619
4,619
4,619
3,619
3,620
3,620
5,620
3,620
4,620
3,620
3,620
4,620
4,621
3,621
5,621
4,621
4,621
4,621
4,621
4,621
4,621
4,621
4,622
3,622
4,622
4,622
4,622
4,622
3,623
6,623
3,623
4,624
4,624
3,624
5,624
5,625
6,625
5,625
3,627
3,628
4,629
3,629
3,630
4,630
4,630
4,630
4,631
3,631
3,632
4,633
4,633
4,634
0,634
0,634
5,634
4,634
6,634
6,634
4,634
5,634
4,634
4,635
5,635
0,635
0,636
5,636
5,636
4,637
5,637
5,637
4,637
5,637
4,638
4,638
3,638
3,639
3,639
3,639
3,639
3,639
4,639
4,639
3,639
4,640
4,640
4,641
4,641
3,641
3,641
0,641
4,641
3,641
3,642
3,642
4,642
3,643
3,644
3,644
3,644
5,645
2,645
3,646
4,646
4,647
3,647
4,647
0,647
4,647
0,647
0,647
0,647
0,647
4,648
3,648
4,648
0,648
0,648
0,648
0,648
3,649
0,649
4,649
3,650
6,650
0,650
0,650
0,650
0,650
0,650
0,650
4,652
4,652
4,653
4,653
4,653
4,653
0,653
5,653
4,653
4,653
6,653
3,653
4,653
3,653
3,653
3,653
1,653
4,654
4,654
5,654
5,654
5,654
4,654
4,654
5,654
4,654
3,655
4,655
6,655
4,655
1,655
1,655
1,656
6,656
4,657
4,658
4,658
4,658
4,658
4,658
4,659
4,659
4,659
4,659
4,659
5,660
4,660
6,660
3,660
4,660
6,661
2,661
3,661
4,662
0,663
4,663
6,663
4,663
4,663
0,663
0,664
0,664
0,664
4,664
0,664
0,665
0,665
0,665
0,665
4,665
3,665
0,666
0,666
0,666
3,666
5,667
3,668
0,668
3,668
6,668
0,669
3,669
6,669
4,669
0,669
4,669
4,670
0,670
4,671
3,671
4,672
4,672
4,672
5,672
4,673
4,673
5,673
4,675
3,675
3,676
6,677
4,677
6,677
6,677
4,677
6,678
6,678
4,678
4,679
0,679
4,679
4,679
4,680
4,680
6,680
4,680
4,680
3,681
5,681
4,681
4,682
4,682
4,682
4,682
4,682
4,682
4,682
4,682
4,683
3,683
4,683
4,683
6,684
3,684
4,684
6,684
3,684
3,684
3,684
3,684
6,684
3,684
3,685
4,685
0,685
2,685
5,685
4,685
4,686
4,686
0,686
2,686
5,686
1,686
3,686
3,686
3,686
3,686
3,687
3,687
3,687
3,687
4,687
6,687
6,688
4,688
6,688
3,688
5,688
6,688
6,688
4,688
4,688
6,688
5,688
6,688
4,688
4,688
4,689
3,689
3,689
4,689
4,689
3,690
4,690
3,690
4,690
4,690
4,691
3,692
4,692
4,692
4,692
4,692
4,692
4,692
4,692
4,692
4,693
3,693
3,694
0,694
3,694
4,694
3,694
4,694
4,694
4,695
4,695
4,695
3,695
3,695
4,696
4,696
0,696
4,696
4,696
4,696
3,696
3,697
4,697
4,697
6,697
3,697
3,697
3,697
3,697
4,697
6,697
1,697
3,698
4,698
3,698
3,699
6,699
6,699
4,699
4,699
6,699
4,699
5,700
4,700
4,700
4,700
4,701
5,701
4,701
5,701
5,702
5,702
5,703
6,703
5,703
3,704
3,705
4,705
4,706
5,706
3,707
5,707
4,707
4,708
3,708
4,709
3,709
6,709
3,710
3,710
3,710
4,710
4,710
4,710
4,710
0,711
6,711
0,711
6,712
2,712
3,712
0,712
0,712
3,712
2,713
0,713
2,713
3,713
0,713
0,713
0,713
0,713
4,714
4,714
4,715
4,715
4,715
4,716
4,716
4,717
4,717
4,718
4,718
4,719
4,719
4,720
3,721
3,722
4,722
4,723
4,724
4,725
0,725
4,725
4,726
4,726
4,726
5,727
4,727
4,728
4,728
4,729
3,729
5,730
6,730
4,730
4,730
4,730
0,730
4,730
2,730
0,730
4,731
6,731
4,731
4,731
0,731
4,731
2,731
0,731
6,732
3,732
4,732
5,732
4,732
3,732
5,733
0,733
3,733
4,733
3,735
4,736
4,736
4,736
0,736
4,736
2,736
0,736
4,737
4,737
0,737
4,737
2,737
0,737
6,738
4,738
4,739
6,739
4,740
4,740
3,740
6,740
4,741
5,741
4,741
2,741
4,741
0,741
3,741
5,741
4,741
4,742
4,742
4,742
4,742
6,742
4,742
4,742
4,743
2,743
6,743
0,743
5,743
4,743
4,743
4,743
5,743
6,744
4,744
6,744
5,744
4,744
5,745
3,745
3,745
5,745
5,746
5,746
5,747
4,747
4,747
4,747
4,748
4,748
4,749
4,749
6,749
4,749
4,750
4,750
3,750
6,750
1,750
3,750
3,750
3,751
4,751
4,751
5,752
4,752
4,752
5,752
5,753
4,753
5,753
4,753
4,753
6,753
4,754
4,755
4,755
4,755
4,755
5,755
0,755
4,755
4,755
4,755
4,755
4,756
4,756
6,756
0,756
4,757
4,757
0,757
4,757
0,757
5,757
5,757
4,758
4,758
0,758
4,758
5,758
6,758
0,758
4,758
4,758
2,758
4,758
4,758
4,758
3,759
4,759
4,759
6,759
6,759
4,759
4,759
4,759
4,759
6,759
4,760
3,760
3,761
4,761
6,761
6,762
4,762
4,762
6,762
4,763
3,763
5,763
5,763
5,763
5,763
6,763
3,763
5,763
3,763
3,764
3,765
6,765
4,765
0,765
0,765
0,765
4,766
0,766
0,766
0,766
0,766
0,767
0,767
0,767
0,767
4,768
0,769
0,769
0,769
4,769
4,769
0,769
0,769
3,769
4,770
4,770
0,770
0,770
3,770
4,770
4,771
3,771
3,771
2,771
3,772
2,772
4,773
4,773
4,773
4,773
6,773
4,773
0,773
4,774
6,775
5,775
5,775
5,775
5,775
4,775
4,776
4,777
5,777
4,777
3,778
4,778
3,778
1,779
3,779
0,779
4,779
6,779
1,780
3,780
0,780
2,780
4,780
4,780
6,780
6,781
4,781
4,782
4,782
3,782
0,783
3,783
5,783
4,783
4,783
5,784
5,785
5,786
5,786
3,787
4,787
4,787
6,787
1,787
0,787
1,787
2,787
4,787
1,787
6,787
3,787
4,787
0,787
4,787
0,787
4,790
4,791
4,791
3,791
4,791
4,792
6,792
6,793
4,794
3,795
6,796
3,796
3,797
4,797
3,797
4,797
3,797
6,797
4,797
3,797
4,798
4,799
4,799
4,800
6,800
3,800
3,800
0,800
3,801
0,801
0,802
4,802
0,803
4,803
3,803
0,803
0,804
4,805
0,805
6,805
4,805
5,805
6,805
5,805
1,805
1,805
1,805
0,806
0,806
5,806
4,806
6,806
4,806
5,806
4,807
4,807
4,807
4,807
4,807
4,807
3,807
6,807
4,807
6,807
5,807
6,807
4,808
4,808
3,809
3,809
5,809
4,809
0,809
5,809
4,809
4,809
4,809
4,809
3,810
0,813
5,813
4,813
4,814
4,815
4,815
4,816
0,816
0,816
4,816
4,817
4,817
4,818
4,818
4,819
4,819
4,819
4,820
4,820
4,821
4,823
4,824
4,824
4,825
6,825
6,826
6,826
1,827
6,827
3,827
4,827
4,827
4,827
4,827
6,828
0,828
3,828
4,828
6,828
4,828
4,828
5,828
4,828
4,828
3,828
2,828
4,829
4,829
2,829
4,830
2,830
4,830
4,830
0,831
4,831
4,832
4,832
4,832
4,832
4,833
5,833
4,834
6,834
6,835
3,835
3,836
6,837
6,838
4,838
4,838
0,838
4,839
4,839
4,839
4,839
4,840
4,840
4,841
4,841
3,842
4,842
4,843
4,843
4,843
4,843
4,843
6,843
6,844
6,844
6,845
4,845
1,845
4,846
6,846
4,846
4,846
6,846
4,846
4,847
4,847
0,847
4,847
4,847
4,847
6,847
6,847
5,847
5,847
4,847
3,848
3,848
4,848
1,848
1,849
4,849
4,849
4,850
4,850
4,851
2,851
2,851
4,851
2,851
4,852
4,852
4,852
4,852
4,852
4,852
4,853
4,853
4,853
4,853
4,853
6,853
0,853
3,855
6,855
4,855
4,855
4,855
4,855
4,855
4,855
4,855
4,855
0,855
4,856
4,856
4,856
4,856
4,856
4,856
4,856
4,856
4,856
0,856
3,856
3,857
4,858
4,858
5,858
6,858
5,859
4,859
4,860
0,860
3,860
6,860
5,860
3,861
0,861
6,861
5,861
0,862
4,862
6,862
5,862
4,863
0,863
0,864
6,864
5,864
4,865
4,865
4,865
4,865
4,866
4,866
4,866
3,866
4,866
4,866
4,866
4,867
4,867
4,867
6,867
4,867
0,868
4,868
4,869
5,869
4,869
4,869
6,869
6,870
3,871
4,871
4,872
4,872
3,872
0,872
3,872
6,872
0,872
0,872
0,872
0,873
3,873
6,873
0,873
0,873
0,873
1,873
1,873
3,874
3,874
6,875
0,875
0,875
0,875
0,875
5,875
1,875
0,876
6,876
0,876
5,876
4,877
4,877
5,878
5,878
4,878
4,878
3,878
4,878
5,878
4,878
4,878
3,879
3,880
3,880
3,881
6,882
6,883
4,883
4,884
3,884
3,885
3,885
1,886
0,886
1,886
6,886
6,887
6,888
4,888
4,889
6,889
4,889
4,889
4,889
4,889
4,889
4,889
4,889
4,890
4,890
4,890
4,890
4,890
4,890
5,890
4,890
4,891
6,891
4,892
5,892
4,893
1,893
4,893
3,893
4,893
4,894
4,894
3,894
4,894
4,894
4,894
4,894
3,895
4,895
4,895
4,895
4,895
4,896
4,896
4,896
6,896
4,896
4,896
4,898
4,899
5,899
3,899
4,899
4,899
5,900
4,900
3,900
4,900
4,900
5,900
4,900
4,900
3,901
4,902
4,902
1,902
1,903
6,903
3,904
4,904
4,904
4,905
4,905
6,905
6,906
4,906
4,906
4,906
4,906
4,906
4,907
6,907
5,907
2,907
5,907
5,907
2,908
4,908
4,908
5,908
5,908
4,908
2,908
0,908
0,908
0,908
0,908
5,908
6,909
6,909
4,909
4,910
4,910
4,911
4,912
4,912
4,913
4,914
6,915
6,916
4,916
4,917
0,917
5,917
5,917
5,917
5,917
0,918
5,918
5,918
5,918
5,918
4,919
4,919
3,919
4,920
0,920
0,920
0,920
0,920
3,920
0,920
0,920
4,920
0,921
0,921
0,921
0,921
0,921
0,921
0,921
0,921
3,922
0,922
4,923
4,923
5,923
5,923
3,923
4,923
5,923
3,923
5,923
5,923
3,923
5,923
4,924
4,924
4,924
4,924
4,924
4,924
4,924
4,925
4,925
6,925
3,925
3,925
4,926
4,927
4,927
6,927
3,927
3,927
4,927
4,928
5,928
4,928
6,928
4,928
4,928
4,928
4,928
4,928
4,928
5,929
6,929
3,929
3,929
4,929
4,929
4,929
4,929
4,929
4,929
4,929
4,929
4,929
4,930
0,930
0,931
3,931
4,931
0,931
4,931
4,931
4,932
4,932
6,932
4,932
6,933
6,933
4,934
1,934
0,934
4,935
4,935
4,935
2,935
6,935
0,935
4,935
5,935
4,935
3,935
4,935
4,935
1,935
3,936
4,936
0,936
5,936
6,936
0,936
0,936
0,936
5,936
4,937
4,937
0,937
4,937
6,937
3,937
5,937
5,937
4,937
0,938
4,938
4,939
4,939
3,939
5,939
5,939
4,940
2,940
3,941
5,941
5,941
4,941
4,941
4,942
0,942
3,942
0,942
4,943
4,943
4,943
2,944
4,944
2,944
3,944
4,945
4,947
4,948
4,948
6,948
4,948
6,948
4,948
4,948
0,949
4,949
5,949
6,949
0,949
6,949
3,949
0,949
4,949
4,949
4,949
4,950
4,950
3,950
4,950
4,950
3,950
5,950
4,950
4,951
3,951
3,951
4,951
4,951
3,951
5,951
4,951
3,952
3,952
4,952
3,952
4,952
4,952
3,952
6,952
3,952
5,952
5,952
4,952
4,953
3,953
4,953
4,953
3,953
5,953
4,953
4,954
4,954
3,955
4,955
4,955
3,955
5,955
4,955
0,955
4,956
4,956
4,957
1,957
5,957
6,958
6,959
3,959
1,959
1,960
4,961
4,962
3,962
3,963
1,963
0,963
4,963
0,963
0,963
0,963
1,964
4,964
0,964
0,964
0,964
0,964
0,965
0,965
0,965
0,965
3,966
4,966
4,967
0,967
6,967
3,967
3,967
4,967
3,967
6,967
3,968
3,968
4,968
4,969
3,969
1,970
1,970
3,970
4,970
1,971
4,971
4,972
4,972
4,973
3,973
4,974
2,974
4,975
0,975
0,976
2,976
2,977
3,978
5,978
5,978
5,978
3,978
3,978
3,978
3,978
5,979
4,979
4,979
5,979
5,979
4,980
6,980
4,980
5,980
3,980
3,980
3,980
3,980
0,982
4,982
3,982
4,982
4,982
4,983
4,983
6,983
6,984
3,984
4,984
4,984
5,985
4,985
6,986
4,986
2,986
2,986
5,986
5,987
6,987
2,987
4,987
4,988
4,988
2,988
2,989
4,989
4,990
3,990
5,990
3,990
4,990
3,990
1,990
1,991
4,991
4,991
4,991
4,992
4,992
4,992
4,992
4,992
4,993
3,993
4,993
4,994
4,994
4,995
6,995
4,995
4,995
4,995
6,996
4,996
4,996
5,996
3,996
4,997
4,997
4,997
4,997
0,997
5,997
3,998
4,998
4,998
4,998
0,998
6,998
1,998
1,998
1,998
3,999
4,999
6,999
6,999
4,999
6,1000
3,1000
6,1000
6,1000
4,1000
4,1000
4,1000
0,1000
5,1000
6,1000
6,1001
6,1001
0,1001
4,1001
1,1001
0,1001
4,1001
0,1001
4,1001
6,1001
6,1001
4,1001
4,1002
0,1002
6,1003
0,1003
4,1003
6,1004
4,1004
0,1004
0,1004
4,1004
0,1005
4,1005
4,1006
0,1006
4,1006
0,1008
4,1008
6,1008
4,1009
4,1009
4,1010
4,1010
4,1010
4,1010
4,1010
6,1010
2,1010
0,1010
0,1010
5,1010
5,1010
4,1010
3,1010
3,1011
4,1011
4,1011
4,1011
3,1012
3,1012
3,1013
4,1015
4,1016
5,1016
5,1017
5,1017
4,1018
4,1019
4,1019
4,1020
4,1020
5,1021
4,1021
4,1021
4,1021
4,1021
3,1021
4,1021
3,1021
4,1021
4,1022
4,1022
0,1022
4,1023
4,1023
5,1023
4,1023
4,1023
0,1023
0,1023
3,1023
4,1024
2,1024
4,1024
0,1024
4,1025
2,1025
4,1025
3,1025
4,1025
4,1026
0,1026
5,1026
3,1027
4,1027
3,1027
4,1027
4,1027
4,1027
4,1027
3,1027
6,1027
4,1027
4,1028
3,1028
4,1028
4,1028
4,1029
3,1030
3,1030
3,1030
3,1030
1,1030
4,1030
6,1030
6,1030
3,1031
3,1032
3,1033
3,1033
3,1033
3,1033
3,1033
0,1033
0,1033
4,1033
4,1033
3,1034
3,1034
0,1034
4,1034
4,1035
0,1035
3,1036
3,1036
6,1036
3,1036
4,1036
0,1036
0,1036
3,1037
4,1037
4,1038
4,1039
3,1039
4,1039
0,1039
0,1039
4,1040
4,1040
6,1040
3,1040
4,1040
0,1040
0,1040
6,1041
4,1041
4,1041
4,1041
4,1041
2,1041
4,1041
4,1041
4,1041
4,1041
4,1041
0,1041
4,1041
0,1041
4,1041
5,1042
2,1042
5,1042
5,1042
5,1042
5,1042
5,1042
5,1042
5,1042
4,1043
3,1043
4,1043
4,1043
0,1043
4,1043
6,1043
6,1043
3,1043
4,1043
3,1043
3,1043
4,1043
4,1043
4,1044
4,1044
4,1044
4,1044
4,1044
4,1044
6,1044
4,1044
6,1044
4,1044
4,1044
4,1044
0,1044
0,1044
0,1044
4,1045
4,1045
4,1045
0,1045
0,1046
4,1047
4,1047
0,1047
4,1047
4,1047
4,1047
0,1047
0,1047
6,1047
4,1048
4,1048
4,1049
0,1049
0,1049
6,1049
4,1049
4,1049
4,1050
3,1050
4,1050
6,1050
4,1050
6,1050
5,1051
4,1051
2,1051
5,1051
4,1052
4,1052
0,1052
0,1052
0,1052
0,1052
2,1052
4,1053
4,1053
0,1053
3,1054
4,1054
4,1054
6,1054
4,1054
4,1054
4,1054
6,1055
6,1056
4,1056
1,1056
4,1056
4,1057
0,1058
3,1058
6,1058
3,1058
3,1058
5,1058
4,1059
3,1059
3,1059
3,1059
0,1060
0,1060
0,1060
4,1060
4,1060
0,1061
0,1061
4,1061
4,1061
3,1061
3,1062
0,1063
4,1063
4,1063
3,1063
4,1064
4,1064
4,1064
4,1065
6,1065
6,1066
6,1067
4,1068
3,1068
4,1068
4,1068
4,1068
3,1068
6,1069
3,1069
4,1069
4,1070
6,1070
4,1070
0,1070
3,1070
4,1071
3,1071
3,1071
3,1072
0,1072
4,1073
6,1073
3,1073
6,1075
3,1075
6,1076
3,1076
5,1076
6,1076
4,1077
5,1077
4,1077
6,1078
3,1078
6,1078
4,1078
4,1080
4,1080
0,1080
0,1081
6,1081
5,1082
4,1082
4,1082
6,1082
4,1082
0,1082
4,1082
5,1082
4,1082
2,1082
4,1083
5,1083
4,1083
4,1083
5,1084
4,1084
4,1085
4,1085
3,1086
4,1086
4,1086
4,1086
3,1086
3,1086
2,1086
4,1086
4,1086
4,1086
6,1086
4,1086
0,1086
4,1086
4,1086
4,1086
4,1086
0,1087
6,1087
3,1087
1,1087
6,1088
4,1088
1,1088
1,1088
4,1089
3,1089
6,1090
4,1090
4,1090
6,1090
4,1090
0,1090
0,1091
4,1091
4,1091
0,1091
4,1091
4,1091
4,1091
4,1092
4,1092
4,1092
4,1092
4,1092
5,1093
4,1093
4,1093
0,1093
0,1093
0,1093
0,1093
0,1093
0,1093
0,1093
4,1093
6,1093
4,1093
5,1093
4,1093
4,1093
4,1093
4,1093
5,1093
6,1094
2,1094
5,1094
4,1094
5,1094
5,1094
4,1094
0,1094
5,1094
4,1094
4,1094
2,1095
5,1095
4,1095
5,1095
5,1095
4,1095
0,1095
5,1095
4,1095
4,1095
0,1095
6,1095
4,1096
4,1096
4,1096
6,1096
3,1096
4,1096
0,1096
5,1096
5,1096
5,1096
4,1096
4,1096
0,1096
4,1096
4,1097
4,1097
5,1097
4,1097
3,1097
4,1098
4,1098
3,1098
4,1098
4,1098
4,1098
4,1098
4,1099
4,1099
3,1099
0,1100
4,1100
6,1101
4,1101
4,1101
4,1101
5,1101
6,1101
4,1101
6,1101
6,1101
3,1101
4,1101
4,1101
4,1101
0,1102
4,1102
0,1102
3,1102
3,1103
3,1103
3,1103
1,1103
3,1104
3,1104
4,1105
6,1105
6,1106
6,1106
4,1107
5,1107
5,1108
1,1108
1,1108
5,1108
3,1109
3,1109
4,1109
5,1109
3,1109
4,1109
3,1109
4,1109
3,1109
4,1109
4,1109
4,1109
3,1109
5,1110
3,1110
4,1110
3,1110
4,1110
3,1110
4,1110
4,1110
4,1110
4,1111
0,1111
0,1112
6,1112
3,1112
3,1113
4,1113
6,1113
6,1115
4,1116
2,1116
4,1116
6,1116
4,1116
4,1116
0,1117
5,1117
5,1117
4,1117
4,1118
3,1118
3,1119
6,1119
4,1119
4,1119
6,1119
6,1120
4,1120
6,1121
4,1122
4,1123
4,1124
4,1124
4,1124
0,1124
4,1124
6,1124
4,1124
4,1125
4,1125
4,1125
0,1125
0,1125
4,1125
0,1125
4,1126
4,1127
0,1127
0,1127
3,1127
5,1127
4,1127
1,1127
5,1128
6,1128
4,1129
4,1129
6,1130
3,1130
3,1131
3,1131
0,1131
4,1131
4,1131
3,1132
3,1133
3,1133
4,1134
0,1134
3,1135
4,1135
5,1135
4,1135
4,1135
4,1135
6,1135
4,1135
3,1135
4,1136
3,1136
4,1136
3,1136
3,1136
4,1136
4,1136
1,1137
4,1137
4,1138
4,1138
4,1139
4,1139
4,1140
4,1141
4,1141
4,1141
4,1141
3,1141
3,1141
4,1142
3,1142
6,1142
4,1142
6,1143
4,1143
4,1143
4,1144
3,1144
4,1144
5,1144
0,1144
0,1145
4,1145
4,1145
6,1145
1,1145
5,1145
4,1146
4,1146
4,1146
5,1146
1,1146
3,1147
0,1147
5,1148
4,1148
4,1149
4,1149
4,1149
2,1149
3,1149
0,1150
3,1151
4,1151
3,1151
6,1151
2,1151
0,1151
5,1151
4,1152
4,1152
6,1152
6,1153
4,1153
4,1155
3,1156
3,1156
3,1156
3,1156
3,1156
3,1156
4,1157
3,1157
4,1157
0,1157
4,1157
1,1157
4,1157
1,1157
4,1157
1,1157
4,1157
1,1157
4,1157
4,1157
3,1158
3,1158
3,1158
4,1158
3,1158
4,1158
3,1159
4,1159
3,1159
3,1160
3,1160
4,1161
4,1161
4,1161
4,1161
6,1161
3,1162
3,1163
3,1163
4,1163
2,1163
4,1163
4,1163
5,1163
6,1163
4,1164
4,1164
4,1164
4,1165
4,1165
3,1165
1,1166
4,1166
4,1167
5,1169
5,1170
1,1170
1,1171
4,1171
6,1171
0,1171
0,1171
2,1172
4,1172
4,1172
0,1173
4,1174
4,1175
2,1175
4,1175
4,1175
4,1175
4,1175
0,1175
2,1176
0,1176
0,1177
4,1177
4,1177
4,1177
3,1177
3,1178
1,1178
4,1179
4,1179
4,1179
1,1179
4,1179
0,1180
6,1180
4,1181
4,1181
4,1181
6,1181
0,1181
5,1182
1,1182
6,1182
0,1183
2,1183
0,1183
0,1184
4,1184
0,1184
4,1184
4,1184
0,1184
0,1184
5,1185
1,1185
6,1185
4,1185
0,1185
3,1186
0,1187
3,1188
0,1188
0,1188
4,1189
6,1190
6,1190
6,1191
4,1191
6,1191
4,1191
4,1191
6,1191
2,1191
6,1192
3,1192
2,1192
6,1192
3,1192
1,1192
2,1193
2,1193
6,1194
1,1194
5,1194
4,1195
4,1195
4,1195
4,1195
2,1196
4,1196
6,1196
4,1196
4,1196
4,1196
4,1196
0,1196
4,1197
4,1197
4,1197
4,1197
4,1197
3,1197
4,1197
4,1198
4,1199
6,1199
6,1199
6,1199
6,1199
4,1199
6,1199
3,1199
6,1200
3,1200
4,1201
4,1201
4,1202
0,1202
2,1202
4,1202
6,1203
2,1203
4,1204
3,1205
4,1205
4,1205
4,1205
6,1205
3,1205
6,1205
5,1206
5,1206
5,1206
5,1206
4,1206
6,1206
4,1206
3,1206
5,1206
5,1206
6,1207
3,1207
3,1208
0,1209
5,1209
4,1209
4,1209
4,1209
0,1209
6,1210
4,1210
5,1210
0,1210
3,1210
3,1210
5,1210
4,1211
5,1211
3,1212
3,1212
3,1213
6,1213
6,1213
6,1214
3,1214
3,1215
5,1215
4,1215
2,1215
5,1215
6,1215
4,1215
0,1215
4,1215
4,1216
4,1216
4,1216
4,1216
4,1217
4,1217
4,1218
4,1218
4,1219
1,1219
6,1219
6,1220
4,1221
4,1221
4,1221
0,1221
0,1221
0,1221
4,1222
4,1222
4,1222
0,1222
0,1222
4,1222
0,1222
4,1223
4,1224
3,1224
3,1225
0,1225
5,1225
5,1225
6,1225
6,1226
1,1226
5,1227
5,1227
5,1227
5,1227
5,1228
3,1228
3,1229
4,1229
5,1230
5,1230
5,1230
4,1230
3,1230
0,1231
4,1231
0,1231
0,1231
5,1231
0,1231
2,1231
0,1232
5,1232
0,1232
4,1233
4,1233
4,1233
4,1233
0,1233
0,1233
4,1234
4,1234
4,1235
4,1235
5,1235
0,1236
4,1236
4,1237
0,1237
4,1237
0,1237
2,1237
4,1237
0,1238
4,1238
4,1239
4,1239
0,1239
0,1239
4,1240
0,1240
0,1241
0,1241
6,1242
6,1242
4,1242
4,1242
3,1242
4,1242
4,1242
4,1242
3,1243
0,1243
4,1243
4,1243
6,1244
4,1244
0,1245
0,1245
3,1245
4,1245
3,1245
0,1246
3,1246
3,1247
3,1247
3,1248
0,1248
4,1248
4,1248
0,1249
4,1249
4,1249
6,1249
3,1250
3,1251
3,1252
3,1253
3,1254
3,1254
3,1255
3,1255
3,1255
6,1255
4,1255
4,1256
4,1256
3,1256
4,1257
4,1257
4,1258
6,1258
3,1258
6,1259
4,1259
3,1260
3,1260
3,1261
6,1261
4,1261
4,1261
6,1262
6,1262
4,1262
4,1262
4,1262
3,1262
4,1262
2,1262
4,1262
4,1262
4,1263
0,1263
0,1264
4,1264
4,1265
3,1265
3,1265
2,1265
4,1265
4,1265
6,1266
6,1266
4,1266
6,1266
3,1266
6,1266
4,1266
4,1266
6,1266
4,1267
4,1267
6,1267
4,1269
6,1269
1,1270
1,1270
1,1271
0,1271
4,1271
3,1271
6,1271
4,1271
4,1271
3,1271
0,1272
4,1272
4,1272
3,1272
6,1272
4,1272
4,1272
3,1272
3,1272
3,1273
6,1274
4,1274
4,1274
2,1274
3,1274
4,1274
2,1275
3,1275
4,1275
4,1275
3,1276
3,1276
4,1276
3,1276
6,1276
3,1276
3,1276
4,1277
4,1277
4,1278
4,1279
4,1279
4,1280
4,1280
4,1280
4,1280
3,1280
4,1280
4,1280
4,1280
4,1281
3,1281
4,1281
4,1281
2,1282
4,1282
6,1282
2,1282
0,1282
4,1282
4,1282
4,1282
4,1283
4,1283
4,1283
4,1284
4,1284
4,1284
4,1284
4,1284
0,1284
0,1284
4,1285
4,1285
1,1285
4,1285
3,1285
4,1286
4,1286
3,1286
3,1286
4,1286
3,1286
4,1287
4,1287
3,1287
4,1287
4,1287
3,1287
3,1287
3,1287
5,1287
4,1288
4,1288
0,1288
0,1288
0,1288
0,1288
1,1288
0,1288
4,1289
0,1289
0,1290
1,1290
1,1291
0,1291
0,1291
0,1291
0,1291
1,1291
0,1291
0,1292
0,1292
0,1292
0,1292
1,1292
0,1292
0,1293
0,1293
0,1293
0,1293
1,1293
0,1293
0,1293
0,1294
4,1294
4,1294
4,1295
4,1295
4,1295
4,1296
3,1296
3,1297
4,1297
0,1297
5,1298
4,1298
5,1298
5,1299
4,1300
4,1300
1,1300
4,1300
0,1300
0,1300
4,1300
1,1301
4,1301
0,1301
0,1301
4,1301
4,1301
3,1302
3,1302
4,1303
4,1303
4,1303
4,1303
4,1303
4,1303
4,1303
5,1303
1,1303
4,1304
4,1304
0,1304
0,1304
4,1304
4,1304
6,1304
6,1305
4,1305
5,1305
4,1305
4,1305
4,1305
4,1305
6,1305
4,1305
4,1305
3,1305
4,1305
2,1306
0,1306
0,1306
3,1306
3,1306
3,1306
6,1306
3,1306
4,1306
6,1306
3,1307
3,1307
3,1307
6,1307
6,1307
6,1307
3,1307
3,1307
2,1308
0,1308
0,1308
4,1309
4,1309
4,1309
3,1309
4,1309
4,1309
4,1309
4,1309
4,1309
4,1309
0,1309
4,1309
0,1309
4,1309
4,1309
4,1309
4,1309
4,1309
4,1309
4,1310
4,1310
6,1310
6,1310
4,1310
4,1310
4,1310
6,1310
3,1312
0,1312
4,1312
4,1313
1,1313
4,1313
4,1313
4,1313
4,1313
4,1314
4,1314
4,1314
6,1314
4,1314
4,1314
4,1314
4,1315
6,1315
6,1315
4,1315
4,1315
4,1315
4,1315
4,1316
3,1316
3,1316
3,1316
3,1316
3,1317
3,1317
3,1317
3,1317
3,1317
4,1317
3,1317
3,1318
4,1318
3,1319
3,1319
3,1319
3,1319
3,1319
4,1319
4,1319
4,1320
4,1320
6,1320
4,1320
3,1321
1,1321
6,1321
4,1321
3,1321
4,1321
6,1321
6,1322
4,1322
4,1322
4,1322
4,1322
6,1323
2,1323
0,1323
0,1323
1,1323
1,1323
6,1323
5,1323
5,1323
4,1323
5,1323
5,1323
4,1324
3,1324
6,1324
6,1325
3,1325
3,1326
3,1326
3,1326
2,1327
4,1327
0,1328
0,1328
0,1328
4,1328
5,1328
4,1328
0,1329
0,1329
5,1329
4,1329
4,1329
6,1330
6,1330
4,1330
6,1330
4,1330
4,1331
4,1331
4,1331
4,1331
4,1332
3,1332
4,1332
4,1332
3,1332
4,1332
3,1333
0,1333
0,1333
0,1333
4,1333
1,1333
0,1333
4,1333
0,1333
4,1333
4,1333
3,1334
5,1334
4,1334
4,1334
5,1334
5,1335
3,1335
4,1335
4,1336
4,1336
4,1337
3,1337
4,1337
4,1337
4,1337
4,1337
4,1337
6,1337
4,1338
4,1338
4,1338
4,1338
4,1339
4,1340
4,1340
4,1340
4,1340
6,1340
6,1340
3,1341
4,1341
4,1341
4,1342
3,1342
4,1342
3,1342
3,1342
4,1342
3,1342
4,1342
4,1342
3,1342
4,1342
4,1343
4,1343
3,1343
4,1344
3,1344
3,1344
4,1344
4,1345
2,1345
4,1346
4,1346
4,1347
6,1348
6,1349
4,1349
4,1349
6,1350
4,1350
4,1350
4,1350
3,1350
6,1350
4,1351
0,1351
4,1351
4,1351
3,1351
0,1351
3,1351
0,1351
4,1351
6,1352
0,1352
4,1353
3,1353
4,1353
4,1353
5,1353
5,1353
4,1353
2,1353
4,1353
4,1353
4,1354
6,1356
4,1356
4,1357
3,1357
3,1357
3,1357
4,1357
4,1357
4,1357
4,1357
4,1357
3,1357
3,1357
3,1358
4,1358
4,1358
4,1358
3,1358
4,1359
4,1359
4,1359
4,1359
4,1359
4,1359
6,1359
3,1359
4,1360
0,1360
0,1360
0,1360
4,1360
6,1360
6,1361
4,1361
3,1361
4,1361
4,1361
4,1361
3,1361
4,1361
4,1361
4,1361
4,1361
4,1361
4,1361
3,1361
4,1361
4,1361
0,1361
0,1362
4,1362
1,1362
4,1362
3,1362
4,1363
3,1363
4,1363
1,1363
6,1364
6,1364
6,1364
4,1364
4,1364
4,1364
6,1365
4,1365
4,1366
4,1368
6,1368
4,1368
1,1369
1,1369
1,1370
4,1370
3,1370
3,1370
3,1370
2,1370
4,1371
5,1371
3,1371
3,1371
4,1371
4,1371
3,1372
2,1372
3,1372
4,1372
4,1373
4,1373
4,1374
4,1375
3,1375
4,1375
4,1375
2,1376
0,1376
5,1376
4,1377
4,1377
5,1377
3,1377
4,1377
3,1377
3,1377
3,1377
3,1377
3,1378
4,1378
4,1378
4,1378
3,1378
4,1378
4,1378
6,1378
3,1378
4,1378
5,1378
4,1379
3,1379
3,1379
4,1379
3,1379
4,1379
4,1379
4,1379
1,1379
4,1379
3,1380
4,1380
5,1380
3,1380
3,1381
4,1381
4,1381
1,1381
4,1381
4,1382
3,1382
4,1382
2,1382
3,1382
4,1382
4,1382
1,1382
6,1382
4,1383
3,1383
2,1383
3,1383
4,1383
4,1383
4,1383
4,1384
6,1384
6,1385
0,1385
4,1386
3,1386
2,1386
3,1386
4,1386
4,1386
0,1386
4,1386
4,1386
4,1386
1,1386
4,1387
3,1387
2,1387
3,1387
4,1387
4,1387
4,1387
4,1387
4,1387
6,1388
4,1388
4,1389
4,1389
4,1389
4,1390
4,1390
4,1390
5,1390
4,1390
4,1390
4,1390
3,1390
4,1390
4,1390
3,1390
4,1391
4,1391
4,1392
5,1392
5,1393
4,1393
5,1393
4,1393
4,1393
3,1393
4,1393
4,1393
3,1393
4,1394
5,1394
4,1394
4,1394
4,1394
4,1394
3,1394
4,1394
4,1394
3,1394
4,1395
4,1395
0,1395
5,1395
5,1395
3,1395
3,1395
4,1395
4,1395
5,1395
0,1396
6,1396
4,1396
4,1396
4,1396
4,1396
0,1396
0,1396
5,1396
4,1397
4,1397
4,1397
5,1397
4,1398
4,1398
3,1399
4,1399
4,1399
4,1399
4,1400
4,1400
4,1401
5,1401
5,1402
5,1402
5,1402
0,1402
4,1402
0,1403
4,1403
4,1403
4,1403
4,1403
4,1404
3,1404
4,1404
6,1404
4,1404
4,1404
4,1404
6,1404
1,1404
4,1404
6,1404
3,1405
4,1405
6,1405
4,1405
4,1405
4,1405
6,1405
0,1405
4,1406
4,1406
4,1407
4,1407
4,1407
4,1407
4,1407
4,1408
4,1408
4,1408
4,1408
1,1408
6,1409
0,1409
4,1409
4,1409
6,1410
1,1410
0,1410
4,1411
2,1411
0,1411
6,1411
0,1411
0,1412
4,1412
4,1412
4,1413
3,1414
3,1414
5,1414
4,1414
3,1414
4,1414
3,1414
5,1414
4,1414
4,1415
4,1416
3,1416
3,1416
6,1416
4,1416
3,1417
0,1417
5,1417
4,1417
0,1417
0,1417
3,1417
3,1417
4,1417
3,1417
5,1417
4,1418
4,1418
4,1418
4,1418
4,1418
4,1418
6,1418
3,1418
4,1418
4,1418
4,1418
0,1418
6,1419
4,1419
3,1419
3,1419
5,1419
4,1419
0,1419
0,1419
4,1419
3,1419
4,1420
4,1420
4,1420
4,1420
4,1420
4,1420
6,1420
4,1420
4,1420
4,1420
4,1420
4,1420
4,1420
4,1420
6,1420
2,1420
4,1421
4,1421
4,1422
4,1422
4,1422
4,1423
4,1423
4,1423
4,1423
4,1424
4,1424
4,1424
4,1424
4,1425
4,1425
4,1426
4,1426
4,1426
4,1426
6,1427
6,1427
5,1427
5,1427
5,1427
5,1427
6,1427
5,1427
0,1427
0,1427
6,1428
4,1428
3,1428
3,1429
4,1429
3,1431
4,1431
4,1431
4,1431
4,1431
4,1432
3,1432
3,1432
4,1432
4,1432
4,1434
4,1434
4,1435
3,1435
4,1436
4,1436
4,1437
4,1437
3,1438
3,1438
6,1438
6,1438
6,1438
3,1438
6,1439
6,1439
2,1439
0,1439
0,1439
3,1440
3,1440
2,1440
0,1440
0,1440
3,1441
4,1441
2,1441
0,1441
0,1441
2,1442
0,1442
0,1442
0,1442
0,1443
4,1443
3,1444
6,1444
3,1444
4,1444
3,1444
4,1444
4,1444
3,1445
4,1445
5,1445
3,1445
4,1445
4,1445
5,1446
4,1446
4,1446
4,1447
5,1448
5,1449
1,1449
1,1450
5,1450
5,1451
4,1451
4,1451
4,1451
4,1451
4,1452
3,1453
3,1454
4,1454
4,1455
3,1455
4,1455
5,1456
4,1456
4,1456
4,1456
4,1456
4,1456
5,1457
4,1457
4,1457
4,1457
4,1457
4,1457
4,1458
5,1459
4,1459
4,1459
4,1459
4,1459
5,1460
4,1460
4,1460
4,1460
4,1460
4,1460
4,1461
4,1461
4,1461
4,1462
4,1463
4,1463
0,1463
1,1463
0,1463
5,1463
3,1463
4,1463
3,1463
6,1463
4,1464
6,1464
4,1465
4,1465
4,1465
4,1466
4,1466
6,1466
3,1466
3,1466
3,1466
4,1467
4,1467
6,1467
4,1467
4,1468
3,1468
3,1468
3,1469
6,1469
6,1469
3,1470
6,1470
5,1471
4,1471
4,1472
0,1472
0,1472
0,1472
0,1472
3,1473
4,1473
5,1473
2,1474
2,1474
4,1475
4,1475
0,1475
0,1475
0,1475
3,1476
3,1476
3,1476
3,1477
6,1477
6,1478
6,1478
6,1479
6,1479
0,1480
0,1480
4,1480
5,1480
5,1480
6,1481
0,1481
0,1481
0,1481
1,1481
0,1482
4,1482
4,1483
1,1483
1,1483
4,1483
1,1483
0,1483
0,1483
4,1484
5,1484
4,1484
4,1484
0,1484
5,1484
4,1484
4,1485
4,1485
5,1486
4,1486
4,1487
4,1490
4,1491
0,1491
0,1491
0,1491
0,1491
4,1492
4,1492
3,1492
3,1492
3,1492
3,1492
3,1492
3,1493
3,1493
3,1493
3,1493
3,1493
4,1493
4,1494
3,1494
6,1494
4,1494
4,1494
3,1494
3,1494
4,1494
3,1494
3,1494
4,1495
4,1495
0,1495
0,1495
0,1495
0,1495
4,1495
3,1496
3,1496
3,1497
3,1497
2,1497
4,1497
3,1497
3,1497
2,1498
4,1498
6,1498
3,1498
4,1499
4,1500
6,1500
6,1501
3,1501
4,1502
3,1502
0,1502
0,1502
0,1502
0,1503
4,1503
0,1503
0,1503
4,1504
5,1504
0,1504
0,1504
4,1505
6,1505
6,1505
4,1505
6,1505
4,1505
0,1505
4,1505
4,1505
5,1505
4,1505
4,1505
0,1505
4,1506
4,1506
4,1506
3,1506
4,1506
4,1506
4,1507
4,1508
3,1508
4,1508
4,1508
4,1508
3,1508
4,1509
4,1509
4,1510
4,1510
4,1510
4,1510
0,1510
0,1510
4,1510
4,1510
4,1512
0,1512
3,1512
3,1512
5,1512
5,1512
4,1512
0,1512
6,1512
3,1512
3,1513
3,1514
3,1515
4,1515
6,1515
3,1516
6,1516
2,1516
4,1517
4,1517
4,1517
4,1517
4,1517
3,1518
3,1518
4,1518
3,1518
5,1519
4,1519
3,1519
6,1519
4,1519
3,1519
3,1520
4,1520
4,1520
4,1520
4,1521
4,1521
4,1522
4,1522
4,1522
4,1523
0,1523
4,1523
4,1524
4,1524
0,1525
4,1525
0,1525
4,1525
4,1525
4,1525
4,1525
4,1525
4,1525
0,1526
4,1526
4,1526
4,1526
4,1526
4,1526
4,1526
6,1526
6,1527
6,1527
6,1528
3,1528
6,1529
4,1529
4,1529
4,1529
4,1529
4,1529
4,1529
3,1529
6,1529
4,1529
6,1529
4,1529
4,1530
6,1530
4,1531
4,1531
4,1531
4,1531
3,1531
4,1532
4,1532
3,1533
5,1533
3,1533
4,1534
3,1534
2,1535
4,1535
4,1535
4,1536
4,1536
4,1536
4,1536
4,1536
4,1536
4,1536
4,1536
4,1536
6,1537
3,1537
5,1537
4,1537
4,1537
2,1537
2,1537
3,1537
4,1537
4,1538
4,1538
6,1538
4,1538
4,1538
4,1538
5,1539
4,1539
6,1539
0,1539
3,1539
4,1540
6,1540
6,1540
3,1540
6,1540
6,1541
0,1541
4,1542
3,1542
4,1542
3,1542
3,1542
3,1542
4,1542
4,1542
5,1543
4,1543
0,1543
0,1543
6,1543
3,1543
5,1543
4,1543
4,1543
3,1543
3,1544
3,1544
3,1545
6,1545
0,1546
4,1546
2,1546
4,1546
3,1546
4,1547
2,1548
4,1549
4,1549
4,1549
4,1549
4,1549
0,1549
1,1549
5,1550
4,1550
4,1551
4,1551
4,1552
0,1552
4,1552
0,1552
0,1553
4,1553
0,1553
4,1554
0,1554
0,1554
4,1555
0,1555
4,1555
0,1555
0,1555
4,1556
6,1556
5,1556
4,1556
0,1556
0,1556
5,1557
3,1557
4,1557
4,1557
4,1558
0,1558
0,1558
5,1558
5,1558
3,1558
4,1558
4,1558
3,1559
3,1559
3,1559
4,1559
4,1559
3,1559
4,1560
3,1561
3,1561
3,1561
3,1562
4,1562
3,1562
4,1563
3,1563
5,1564
1,1564
4,1564
4,1564
4,1565
4,1565
4,1566
0,1566
0,1566
0,1566
4,1566
0,1566
3,1566
3,1567
3,1567
0,1567
4,1567
4,1568
4,1568
4,1568
5,1568
6,1568
4,1568
4,1568
4,1568
6,1569
4,1569
4,1569
4,1569
4,1569
4,1569
4,1569
0,1570
6,1570
0,1570
0,1571
0,1571
0,1571
0,1571
4,1572
6,1572
4,1572
0,1572
0,1572
0,1572
4,1572
1,1572
1,1572
5,1572
3,1572
3,1573
0,1573
2,1573
6,1573
0,1573
3,1574
3,1575
0,1575
0,1575
0,1575
0,1575
4,1575
0,1576
0,1576
0,1576
4,1576
4,1577
3,1577
4,1577
4,1577
5,1578
4,1578
4,1578
5,1578
0,1578
3,1578
3,1578
4,1579
4,1580
3,1580
4,1580
3,1581
0,1581
0,1582
3,1583
4,1583
4,1583
5,1583
4,1583
2,1583
4,1583
4,1583
4,1583
0,1583
4,1583
5,1584
4,1584
0,1584
3,1584
4,1584
4,1584
3,1585
3,1585
5,1586
2,1586
2,1587
0,1588
0,1588
4,1588
4,1588
0,1588
0,1588
1,1588
0,1588
0,1588
0,1588
0,1588
0,1588
0,1588
5,1588
2,1588
4,1589
4,1589
4,1589
4,1590
4,1590
4,1590
4,1590
4,1590
0,1590
6,1590
4,1591
4,1591
0,1591
6,1591
4,1591
4,1592
0,1592
0,1592
0,1593
3,1593
3,1593
4,1593
4,1593
3,1594
3,1595
4,1595
4,1595
4,1596
1,1596
1,1597
5,1598
5,1598
2,1598
4,1598
3,1598
4,1598
4,1598
4,1598
4,1599
4,1600
4,1601
4,1601
4,1601
3,1601
4,1602
4,1602
4,1602
3,1602
4,1603
6,1603
6,1604
4,1604
3,1604
4,1605
4,1605
3,1605
4,1606
4,1606
4,1607
4,1607
4,1607
3,1607
4,1609
4,1609
3,1610
4,1610
4,1610
4,1611
3,1611
4,1612
4,1612
4,1612
4,1612
4,1612
3,1612
3,1612
3,1612
4,1613
4,1613
4,1613
3,1613
6,1613
4,1613
6,1614
4,1614
3,1614
6,1615
5,1615
0,1615
4,1615
4,1615
6,1615
4,1615
6,1615
4,1616
5,1616
5,1616
5,1617
4,1618
4,1619
3,1620
2,1620
2,1620
3,1620
2,1620
2,1620
4,1621
3,1621
3,1621
3,1621
3,1621
3,1621
4,1621
5,1621
4,1622
5,1622
4,1623
0,1623
4,1624
0,1625
0,1625
4,1626
4,1626
4,1626
4,1626
4,1626
4,1626
4,1626
4,1626
4,1626
4,1626
2,1627
3,1627
4,1627
4,1627
4,1627
3,1628
3,1628
3,1628
2,1628
2,1628
2,1628
3,1628
6,1628
3,1629
3,1629
5,1629
4,1629
3,1629
4,1629
3,1630
4,1630
3,1630
4,1631
4,1631
4,1631
3,1631
4,1631
4,1631
5,1631
4,1631
3,1631
4,1631
4,1631
4,1631
6,1631
3,1631
3,1631
4,1631
4,1632
3,1632
3,1632
6,1632
1,1632
4,1632
0,1632
4,1632
6,1632
6,1633
6,1633
5,1633
5,1633
5,1633
6,1634
0,1634
5,1634
3,1634
5,1634
5,1634
5,1634
3,1635
4,1635
4,1636
3,1636
3,1636
3,1636
0,1636
3,1636
3,1637
3,1637
3,1637
0,1637
3,1637
3,1637
3,1638
3,1638
3,1639
3,1639
3,1640
3,1640
3,1640
0,1640
3,1640
3,1640
0,1641
0,1641
0,1641
0,1641
5,1641
0,1641
0,1642
0,1642
6,1643
4,1643
4,1643
4,1643
4,1643
0,1643
4,1643
5,1644
4,1644
4,1644
6,1644
2,1644
4,1644
4,1644
4,1644
3,1644
2,1644
4,1644
3,1644
3,1644
3,1644
5,1644
4,1644
4,1645
4,1645
6,1645
4,1645
3,1645
4,1645
6,1645
5,1645
5,1645
5,1645
1,1646
5,1646
5,1646
5,1647
2,1648
2,1648
4,1648
4,1648
4,1648
4,1649
4,1649
2,1650
2,1650
4,1650
4,1651
4,1652
4,1652
4,1652
4,1652
0,1652
0,1652
3,1653
3,1653
4,1653
4,1653
0,1654
5,1654
5,1655
6,1655
3,1655
3,1655
3,1655
6,1656
3,1656
3,1656
3,1656
0,1656
2,1657
3,1657
0,1657
5,1657
0,1657
1,1657
0,1657
0,1657
5,1657
4,1658
3,1658
6,1658
3,1658
0,1658
6,1659
3,1659
3,1659
5,1659
5,1659
4,1659
2,1659
4,1659
3,1659
4,1660
5,1660
3,1660
6,1660
4,1660
3,1660
2,1660
4,1660
3,1660
6,1661
4,1661
4,1661
0,1662
1,1663
4,1663
4,1663
4,1663
3,1663
3,1664
3,1664
4,1664
4,1664
3,1664
4,1664
0,1664
2,1664
5,1665
4,1665
3,1665
4,1665
5,1665
5,1666
4,1666
4,1666
4,1666
6,1666
4,1666
4,1667
3,1667
3,1667
5,1667
4,1667
6,1667
3,1668
4,1668
4,1669
4,1669
4,1670
4,1670
6,1670
3,1670
4,1670
3,1670
2,1670
4,1671
3,1673
3,1673
4,1673
4,1673
3,1673
3,1673
4,1673
4,1674
4,1675
6,1675
0,1675
4,1675
4,1675
4,1675
4,1676
4,1677
4,1677
3,1677
3,1678
3,1678
4,1679
4,1679
4,1679
5,1680
5,1680
5,1680
5,1680
4,1680
3,1681
4,1681
4,1681
4,1682
4,1682
4,1682
4,1682
0,1682
4,1682
4,1683
1,1683
3,1683
4,1683
4,1683
5,1683
4,1683
4,1684
4,1685
4,1686
4,1686
0,1686
4,1686
4,1686
4,1686
2,1686
4,1686
4,1686
1,1686
4,1686
4,1686
3,1686
3,1686
3,1687
4,1687
6,1687
5,1687
3,1687
4,1687
3,1687
3,1687
4,1687
4,1687
4,1687
6,1687
4,1687
6,1687
3,1687
3,1687
3,1688
4,1688
3,1688
3,1688
4,1688
4,1688
6,1688
6,1688
3,1688
3,1689
6,1689
4,1689
4,1689
4,1689
4,1689
3,1689
3,1689
6,1689
4,1689
4,1690
4,1690
3,1690
6,1690
4,1690
4,1691
4,1691
4,1691
3,1691
4,1691
4,1691
4,1692
4,1693
3,1693
3,1693
6,1693
6,1693
3,1694
4,1694
1,1694
3,1694
6,1695
1,1695
4,1695
4,1696
4,1696
4,1697
4,1698
6,1698
3,1699
3,1699
6,1700
4,1700
3,1701
3,1702
4,1702
4,1703
3,1703
4,1704
4,1704
4,1704
2,1704
4,1704
3,1704
3,1704
2,1704
3,1704
4,1704
0,1705
3,1705
1,1705
0,1705
0,1705
0,1705
0,1706
4,1706
0,1706
4,1706
0,1706
4,1707
1,1707
4,1707
4,1707
0,1707
0,1708
3,1708
0,1709
0,1709
0,1709
0,1709
5,1709
3,1709
4,1710
4,1710
6,1710
4,1710
3,1710
3,1710
4,1710
3,1710
4,1711
4,1711
6,1711
3,1711
3,1711
5,1711
4,1711
3,1711
0,1711
6,1712
0,1713
3,1713
3,1714
0,1714
0,1714
0,1714
0,1714
4,1714
6,1715
4,1715
4,1715
3,1715
4,1715
4,1716
4,1716
4,1716
4,1716
4,1716
4,1716
4,1716
4,1716
4,1716
5,1717
4,1717
0,1717
4,1717
0,1717
0,1717
0,1717
4,1717
4,1718
0,1718
4,1718
0,1718
4,1719
6,1719
6,1719
6,1719
4,1719
6,1719
0,1719
0,1720
3,1721
0,1722
0,1722
4,1722
3,1722
4,1722
4,1722
0,1722
1,1722
4,1723
4,1723
4,1723
2,1723
3,1723
4,1723
4,1723
6,1723
4,1723
6,1723
4,1723
4,1723
5,1723
2,1724
4,1724
4,1724
4,1724
0,1724
4,1724
0,1724
5,1724
5,1724
4,1724
4,1724
0,1724
0,1725
4,1725
0,1725
4,1726
4,1726
4,1726
5,1726
4,1726
4,1726
3,1726
4,1727
4,1727
4,1727
4,1727
5,1727
5,1727
5,1727
3,1727
4,1727
6,1727
6,1728
5,1728
0,1728
4,1728
4,1728
5,1728
5,1729
0,1729
4,1729
4,1729
5,1729
4,1729
4,1729
4,1729
4,1729
4,1729
4,1729
4,1730
0,1730
5,1730
4,1730
4,1730
4,1730
4,1730
4,1730
0,1731
6,1731
6,1732
5,1732
4,1732
4,1732
4,1732
4,1732
4,1732
4,1733
4,1733
4,1733
4,1733
5,1733
2,1733
4,1733
3,1733
3,1733
4,1733
4,1734
4,1734
4,1734
4,1734
5,1734
2,1734
4,1734
3,1734
3,1734
3,1734
3,1734
0,1734
3,1735
0,1735
4,1736
4,1736
4,1736
5,1736
2,1736
4,1736
3,1736
3,1736
0,1736
3,1736
0,1737
4,1737
4,1738
4,1738
4,1738
5,1738
2,1738
4,1738
3,1738
3,1738
4,1738
4,1739
4,1739
4,1739
5,1739
2,1739
4,1739
3,1739
3,1739
4,1739
4,1739
2,1739
4,1740
3,1740
3,1740
4,1740
3,1740
4,1740
2,1740
4,1740
3,1740
3,1740
3,1740
4,1741
4,1741
4,1741
4,1741
3,1742
3,1742
3,1742
3,1742
3,1742
4,1743
4,1743
4,1743
5,1743
6,1743
4,1743
6,1743
3,1744
3,1744
3,1744
3,1744
3,1744
3,1744
1,1744
4,1744
4,1744
0,1744
3,1745
4,1745
3,1745
0,1745
3,1745
3,1746
4,1746
4,1746
4,1746
4,1746
3,1746
4,1747
4,1747
3,1747
4,1747
4,1747
3,1747
4,1747
4,1747
4,1747
3,1747
4,1747
4,1747
4,1748
0,1748
5,1748
0,1748
5,1748
3,1748
0,1748
0,1748
0,1748
0,1748
0,1748
3,1748
0,1748
2,1749
4,1749
4,1750
0,1750
0,1750
0,1751
4,1751
4,1751
3,1752
0,1752
4,1752
3,1752
3,1753
0,1753
3,1753
3,1753
5,1753
6,1753
2,1753
4,1754
5,1754
5,1755
6,1755
3,1755
4,1756
4,1756
4,1756
4,1756
4,1756
4,1757
4,1757
4,1757
4,1757
4,1758
4,1758
4,1758
4,1758
4,1758
4,1758
4,1758
3,1758
6,1759
6,1759
4,1759
4,1760
4,1760
4,1760
4,1760
4,1760
4,1760
4,1761
4,1761
4,1761
4,1761
4,1761
4,1761
4,1762
4,1762
4,1762
4,1762
4,1762
6,1763
4,1763
6,1763
4,1763
6,1764
2,1764
4,1764
4,1764
4,1764
4,1764
4,1764
3,1764
5,1765
5,1765
4,1765
4,1765
3,1765
3,1765
3,1765
5,1766
4,1766
0,1767
6,1767
4,1767
0,1767
4,1767
0,1768
4,1768
4,1768
4,1768
3,1768
3,1768
3,1768
4,1769
4,1769
3,1769
3,1769
3,1769
4,1769
6,1770
6,1770
4,1771
4,1771
4,1771
4,1771
3,1771
4,1772
4,1772
4,1772
3,1772
4,1773
4,1774
4,1774
3,1774
0,1774
4,1775
0,1775
4,1775
0,1775
5,1775
3,1775
4,1775
6,1776
4,1776
3,1776
0,1776
5,1776
3,1777
4,1777
4,1777
4,1777
3,1777
3,1777
0,1777
4,1778
4,1778
4,1778
4,1778
0,1779
0,1779
6,1779
3,1779
0,1779
0,1780
4,1780
6,1781
6,1781
0,1781
0,1781
0,1781
3,1781
1,1781
1,1781
6,1782
0,1782
0,1782
4,1782
2,1782
4,1782
4,1782
2,1782
1,1782
1,1782
0,1783
0,1783
4,1783
4,1783
4,1783
1,1783
1,1783
0,1783
0,1783
0,1783
3,1783
1,1783
1,1783
4,1783
4,1784
4,1784
4,1784
4,1784
4,1784
4,1785
4,1785
4,1786
4,1787
4,1787
4,1787
4,1787
4,1787
4,1787
4,1788
4,1788
4,1788
5,1788
5,1789
6,1789
3,1789
4,1789
4,1789
4,1789
4,1789
3,1790
6,1790
4,1790
4,1791
4,1791
4,1791
4,1791
6,1792
0,1792
6,1793
5,1793
5,1793
0,1793
5,1793
0,1793
5,1794
5,1794
5,1794
0,1794
5,1794
0,1794
5,1795
5,1795
5,1795
0,1795
5,1795
0,1795
5,1796
0,1796
5,1796
0,1796
4,1796
5,1796
5,1796
4,1796
4,1797
5,1797
4,1797
4,1797
4,1798
4,1798
6,1798
6,1799
0,1799
0,1799
0,1799
0,1800
3,1800
0,1800
0,1801
0,1801
6,1801
6,1802
3,1802
3,1802
3,1802
4,1803
4,1804
4,1804
4,1805
4,1805
4,1806
3,1806
4,1807
4,1807
4,1807
4,1807
3,1808
0,1809
4,1809
4,1810
6,1810
4,1810
0,1810
6,1810
6,1810
1,1810
5,1810
0,1810
4,1810
6,1810
4,1810
4,1810
3,1811
4,1812
0,1812
0,1812
4,1813
4,1813
4,1813
3,1813
4,1813
4,1814
4,1814
4,1814
4,1814
3,1814
3,1814
1,1814
4,1814
2,1814
4,1814
4,1814
3,1815
3,1815
1,1815
4,1815
6,1815
3,1816
3,1816
1,1816
4,1816
4,1816
4,1816
4,1817
4,1817
4,1817
2,1817
6,1817
4,1818
4,1818
4,1818
0,1818
0,1818
6,1818
4,1818
0,1818
4,1818
5,1819
0,1819
0,1819
3,1819
3,1819
0,1820
0,1820
4,1820
4,1820
4,1820
4,1820
4,1820
4,1820
4,1820
3,1820
4,1820
3,1820
0,1820
3,1820
4,1821
4,1821
4,1821
4,1822
4,1822
6,1822
3,1823
4,1823
6,1823
3,1823
3,1824
3,1824
4,1825
4,1825
4,1825
4,1825
4,1825
4,1825
6,1825
4,1825
4,1826
4,1826
4,1826
4,1826
4,1826
4,1826
3,1826
3,1826
5,1826
4,1827
0,1827
4,1827
3,1827
3,1827
4,1828
1,1828
4,1828
4,1828
4,1828
0,1828
3,1828
3,1828
3,1828
3,1828
1,1829
5,1829
5,1830
4,1830
4,1830
4,1830
0,1830
3,1830
3,1830
3,1830
3,1830
3,1830
2,1831
4,1831
6,1831
6,1832
4,1832
4,1832
4,1832
4,1833
4,1833
4,1833
4,1833
4,1833
4,1834
5,1834
5,1834
4,1834
6,1834
4,1834
0,1835
4,1835
5,1835
4,1835
4,1836
5,1836
4,1836
4,1837
5,1837
4,1837
3,1838
3,1839
4,1839
4,1840
4,1840
3,1841
3,1841
3,1841
4,1841
1,1841
4,1842
4,1843
4,1843
4,1843
3,1843
3,1843
4,1843
4,1843
4,1843
0,1844
4,1844
4,1844
6,1844
0,1844
1,1844
4,1844
4,1844
4,1844
0,1844
2,1844
4,1844
5,1844
5,1844
0,1845
6,1845
6,1846
3,1846
3,1847
4,1847
4,1847
4,1847
4,1848
4,1848
4,1848
0,1849
0,1850
4,1850
4,1850
4,1850
4,1851
4,1851
4,1851
3,1851
3,1851
3,1852
3,1852
3,1853
0,1855
0,1856
3,1856
4,1857
3,1857
3,1858
4,1859
5,1859
5,1859
1,1859
3,1859
4,1860
5,1860
5,1860
1,1860
3,1860
0,1860
5,1861
4,1861
4,1862
0,1862
0,1863
1,1863
1,1864
3,1864
3,1864
0,1864
3,1864
3,1864
3,1864
3,1864
3,1865
4,1865
4,1865
3,1865
3,1865
3,1865
3,1865
4,1866
4,1866
4,1866
4,1867
3,1867
3,1867
3,1867
3,1867
3,1867
1,1867
0,1868
1,1869
3,1869
4,1870
4,1871
4,1871
6,1871
6,1871
4,1872
0,1872
4,1872
0,1872
0,1872
0,1872
0,1872
1,1872
0,1872
2,1872
4,1872
4,1875
6,1875
0,1875
4,1875
4,1875
3,1875
0,1875
0,1875
6,1875
3,1876
4,1876
4,1876
4,1876
4,1878
3,1878
4,1878
4,1878
3,1879
3,1879
3,1880
6,1880
6,1881
3,1882
3,1883
3,1883
3,1883
3,1883
3,1884
3,1884
3,1885
4,1885
4,1886
3,1886
3,1887
3,1887
3,1887
3,1888
2,1888
4,1889
4,1890
1,1890
0,1891
4,1891
0,1891
0,1891
4,1891
4,1891
4,1891
4,1891
3,1891
4,1891
4,1891
3,1891
3,1891
4,1891
4,1891
3,1892
4,1892
4,1893
4,1893
4,1894
4,1894
4,1895
2,1895
2,1895
2,1896
2,1896
4,1896
4,1897
4,1897
4,1898
2,1898
2,1899
4,1899
3,1900
4,1900
3,1900
3,1900
4,1900
3,1900
4,1900
4,1900
3,1900
4,1900
2,1900
5,1900
4,1901
4,1901
6,1901
0,1901
4,1901
0,1901
0,1901
0,1901
5,1901
4,1901
4,1902
4,1902
4,1902
0,1902
4,1902
6,1903
5,1904
6,1904
6,1904
6,1905
2,1905
6,1905
5,1905
1,1905
2,1905
5,1905
5,1905
5,1905
4,1906
5,1906
4,1906
4,1906
5,1907
5,1908
2,1908
3,1908
5,1908
1,1908
6,1908
4,1908
3,1908
0,1908
4,1908
5,1908
3,1908
3,1909
3,1909
4,1909
4,1909
4,1909
5,1909
5,1909
4,1910
4,1910
4,1911
4,1911
4,1911
4,1912
5,1912
5,1912
4,1912
0,1912
5,1912
4,1912
4,1912
4,1912
3,1912
0,1913
5,1913
4,1913
4,1914
4,1914
4,1914
4,1914
6,1914
4,1915
4,1915
6,1915
1,1916
4,1916
4,1916
3,1917
0,1917
4,1918
4,1919
4,1921
4,1921
4,1921
4,1921
4,1921
0,1921
4,1922
3,1922
4,1922
3,1923
4,1923
4,1923
0,1923
4,1923
3,1924
0,1924
4,1924
4,1924
0,1925
4,1925
4,1925
0,1926
2,1926
0,1926
4,1926
0,1926
4,1926
3,1926
4,1926
3,1927
3,1927
3,1928
4,1928
4,1928
0,1928
5,1928
4,1929
4,1929
3,1929
3,1930
0,1930
4,1930
4,1932
5,1932
4,1933
4,1933
4,1935
4,1935
4,1935
4,1935
6,1935
0,1936
4,1936
5,1936
4,1936
4,1936
5,1936
0,1936
3,1936
3,1936
3,1937
4,1938
6,1938
4,1938
6,1938
4,1938
4,1938
2,1938
2,1938
5,1938
4,1938
5,1938
5,1938
5,1938
6,1938
5,1938
0,1938
0,1938
5,1938
5,1938
0,1938
3,1938
2,1939
6,1939
3,1939
3,1939
5,1939
5,1939
4,1939
5,1939
6,1939
6,1939
3,1939
4,1939
4,1939
3,1940
5,1940
4,1940
4,1941
6,1941
3,1942
5,1942
6,1942
3,1942
3,1943
3,1943
4,1943
4,1943
3,1944
4,1944
4,1944
4,1944
3,1944
4,1945
6,1946
4,1946
4,1946
4,1946
4,1946
4,1946
4,1946
4,1946
4,1946
4,1946
3,1946
3,1946
4,1947
4,1948
4,1948
6,1948
4,1948
4,1948
4,1948
4,1949
0,1949
4,1949
4,1949
4,1950
6,1950
4,1951
0,1951
4,1951
6,1951
4,1951
0,1952
1,1953
5,1953
5,1953
3,1953
5,1953
1,1953
0,1953
3,1953
3,1953
5,1954
1,1954
0,1954
2,1954
0,1954
4,1954
3,1954
3,1954
4,1954
4,1954
4,1954
4,1955
4,1955
4,1955
3,1955
0,1955
3,1955
0,1955
6,1955
4,1956
4,1956
3,1956
3,1956
1,1956
3,1957
1,1957
3,1957
3,1958
3,1959
4,1959
4,1960
4,1960
4,1960
4,1960
4,1960
4,1961
4,1961
3,1961
3,1961
3,1961
4,1961
4,1961
5,1962
4,1962
3,1962
3,1962
4,1962
5,1962
4,1962
3,1962
4,1962
3,1963
3,1963
4,1963
4,1963
5,1964
4,1964
4,1964
5,1965
0,1965
1,1965
3,1965
5,1965
3,1965
3,1965
3,1965
3,1965
3,1965
3,1965
4,1965
0,1966
1,1966
5,1966
3,1966
3,1966
3,1966
3,1966
3,1966
3,1967
3,1967
3,1968
0,1969
1,1969
3,1969
3,1969
3,1969
3,1969
3,1969
0,1970
3,1971
3,1972
4,1972
4,1972
4,1973
6,1974
4,1974
0,1974
5,1974
4,1974
4,1974
4,1974
6,1974
6,1974
4,1974
4,1974
4,1974
5,1974
4,1974
4,1975
4,1975
5,1975
5,1976
6,1977
0,1977
0,1977
0,1977
0,1977
0,1977
6,1978
4,1978
4,1978
0,1978
4,1978
4,1978
4,1978
4,1978
4,1978
4,1978
4,1978
4,1979
4,1979
0,1980
4,1980
4,1980
4,1980
4,1980
4,1982
5,1982
4,1982
4,1982
3,1982
4,1982
4,1982
4,1982
4,1982
3,1982
0,1983
4,1983
4,1983
1,1983
1,1983
1,1983
0,1983
6,1983
0,1983
4,1983
0,1984
4,1984
0,1984
5,1984
5,1985
4,1985
5,1985
5,1985
4,1985
4,1985
4,1985
3,1986
3,1986
3,1986
4,1986
0,1987
0,1987
0,1987
0,1987
4,1987
0,1987
1,1987
4,1988
3,1988
4,1988
6,1988
6,1988
5,1988
1,1988
4,1988
5,1988
4,1988
2,1989
3,1990
3,1990
4,1990
4,1990
6,1990
3,1991
6,1991
6,1991
6,1992
4,1992
6,1992
4,1992
6,1993
6,1993
6,1993
3,1993
3,1993
6,1993
4,1994
6,1994
6,1994
4,1994
5,1995
3,1995
5,1996
6,1996
4,1997
4,1997
3,1997
3,1997
3,1998
3,1998
4,1999
4,2000
4,2000
4,2000
3,2000
5,2000
3,2000
3,2000
6,2000
4,2000
4,2001
4,2001
4,2001
4,2001
3,2001
0,2001
5,2001
4,2001
4,2001
4,2001
4,2001
5,2001
3,2001
5,2001
4,2001
3,2001
4,2001
1,2001
4,2002
4,2002
3,2003
4,2003
3,2004
4,2005
4,2005
4,2005
4,2005
1,2005
5,2005
2,2005
0,2006
0,2006
3,2006
0,2006
4,2006
4,2006
4,2006
5,2006
3,2006
0,2007
0,2007
0,2007
4,2007
4,2007
3,2007
4,2007
6,2008
3,2008
4,2008
3,2008
3,2009
4,2009
3,2009
6,2009
3,2010
4,2010
3,2010
6,2010
3,2011
4,2011
3,2011
6,2012
3,2012
3,2013
3,2014
3,2015
4,2015
4,2016
4,2016
5,2017
1,2017
0,2017
4,2017
4,2017
4,2017
4,2017
2,2017
5,2018
5,2019
6,2019
6,2019
4,2020
4,2020
3,2020
4,2020
4,2020
6,2020
6,2020
3,2020
6,2021
4,2021
0,2021
5,2021
5,2021
0,2021
5,2021
0,2021
3,2022
4,2022
4,2022
4,2022
4,2022
3,2022
5,2023
4,2023
5,2023
6,2024
6,2024
3,2024
6,2024
3,2024
4,2024
4,2024
4,2024
6,2024
6,2025
6,2025
6,2025
3,2025
4,2025
6,2025
4,2025
4,2025
3,2025
4,2026
4,2026
4,2026
4,2026
4,2026
3,2026
4,2027
6,2027
5,2027
5,2027
4,2027
4,2028
5,2028
5,2029
4,2029
4,2030
5,2030
2,2030
2,2030
4,2030
4,2030
2,2030
2,2030
2,2030
4,2031
4,2031
4,2031
4,2031
4,2031
4,2031
5,2031
4,2031
4,2031
4,2031
4,2031
4,2031
3,2031
4,2031
4,2032
4,2032
4,2032
4,2032
6,2032
6,2033
4,2033
4,2033
3,2033
4,2033
3,2033
3,2034
4,2034
4,2034
4,2035
3,2035
4,2035
4,2035
4,2035
4,2036
4,2036
4,2037
4,2037
4,2038
1,2038
1,2039
5,2039
5,2040
3,2041
4,2041
5,2041
4,2041
4,2042
4,2043
5,2043
0,2043
4,2043
4,2043
0,2043
0,2044
4,2044
4,2045
0,2045
0,2045
4,2045
5,2045
0,2045
0,2045
0,2045
0,2045
4,2045
0,2045
4,2045
0,2045
0,2045
0,2045
0,2045
5,2045
3,2046
0,2046
2,2046
6,2046
0,2047
4,2047
4,2048
4,2048
2,2048
6,2049
4,2049
6,2049
4,2050
4,2050
4,2050
4,2050
1,2051
1,2051
1,2052
0,2052
0,2053
4,2053
4,2054
4,2054
3,2054
3,2054
3,2054
4,2054
4,2055
4,2055
3,2055
5,2055
3,2055
3,2055
4,2055
4,2055
4,2056
4,2056
3,2057
4,2058
4,2059
3,2059
3,2059
4,2060
4,2060
4,2060
4,2060
3,2060
6,2060
3,2061
3,2062
4,2062
4,2063
3,2063
4,2063
4,2063
1,2063
4,2063
4,2063
4,2063
3,2063
0,2063
1,2063
4,2063
0,2063
4,2063
1,2063
0,2064
4,2064
1,2064
5,2065
3,2065
5,2065
4,2065
4,2066
4,2067
5,2067
5,2067
0,2067
3,2067
5,2067
5,2067
3,2068
5,2068
4,2068
0,2068
5,2068
5,2068
5,2068
5,2069
5,2069
0,2069
5,2069
5,2069
5,2069
0,2069
5,2069
5,2069
5,2069
4,2069
5,2070
5,2070
0,2070
5,2070
5,2070
5,2070
5,2071
4,2071
6,2072
6,2073
3,2073
3,2074
4,2074
4,2074
4,2074
4,2074
4,2075
4,2075
4,2075
4,2075
4,2075
4,2076
4,2077
5,2078
4,2078
3,2078
5,2078
6,2078
6,2078
3,2078
6,2078
4,2078
3,2079
6,2079
6,2079
3,2079
3,2079
6,2079
4,2079
3,2079
3,2079
3,2080
5,2080
4,2080
4,2080
3,2080
5,2080
4,2081
3,2081
5,2081
3,2082
5,2084
4,2085
4,2086
1,2086
4,2086
3,2086
6,2087
4,2087
4,2088
4,2088
4,2089
0,2089
4,2089
0,2089
4,2089
0,2090
4,2091
4,2092
4,2093
6,2093
6,2093
0,2093
6,2094
3,2094
3,2094
3,2094
6,2094
0,2094
6,2095
0,2095
3,2095
4,2096
0,2096
0,2096
4,2097
4,2097
4,2097
4,2098
4,2099
4,2100
4,2100
4,2101
3,2101
3,2102
4,2102
3,2102
4,2102
4,2103
3,2103
4,2103
3,2104
4,2104
3,2105
4,2105
4,2105
0,2106
0,2106
3,2106
6,2106
4,2106
0,2106
4,2106
0,2106
4,2106
0,2106
0,2106
4,2106
4,2106
4,2107
3,2107
4,2107
0,2107
0,2108
0,2108
3,2108
6,2108
1,2108
2,2108
3,2108
0,2108
1,2109
3,2109
2,2109
5,2110
5,2110
0,2110
0,2110
3,2110
3,2110
4,2110
5,2111
5,2111
0,2111
0,2111
3,2111
3,2111
4,2111
5,2112
0,2112
0,2112
0,2112
0,2113
4,2113
0,2113
0,2113
0,2113
3,2113
3,2113
4,2113
3,2114
5,2114
0,2114
4,2114
2,2114
4,2115
5,2115
6,2115
6,2115
6,2116
6,2116
4,2117
4,2117
4,2117
4,2117
5,2117
4,2117
6,2117
0,2117
4,2117
4,2117
4,2117
4,2117
4,2118
4,2118
4,2118
4,2118
4,2119
6,2119
4,2119
5,2119
4,2119
4,2119
4,2119
4,2120
3,2120
4,2120
4,2120
4,2120
4,2121
4,2121
4,2121
1,2121
4,2121
4,2122
4,2122
3,2122
3,2122
6,2122
4,2122
0,2122
0,2122
6,2122
0,2122
4,2122
0,2122
3,2122
3,2123
4,2123
4,2123
4,2124
5,2124
4,2124
4,2125
0,2125
4,2126
4,2126
4,2126
4,2126
4,2126
3,2126
3,2126
5,2126
1,2127
1,2127
0,2127
0,2128
6,2128
0,2128
6,2129
0,2129
4,2129
0,2129
0,2129
2,2129
4,2129
1,2130
1,2130
6,2130
0,2130
0,2130
1,2131
1,2131
0,2131
6,2132
0,2132
4,2132
4,2132
3,2133
3,2133
3,2133
4,2133
6,2133
3,2133
3,2133
3,2133
0,2133
5,2133
0,2133
0,2133
4,2134
4,2134
4,2134
4,2134
3,2134
4,2135
3,2135
6,2135
3,2135
6,2135
3,2135
3,2135
4,2135
4,2135
4,2135
4,2135
3,2135
5,2136
6,2136
5,2136
5,2136
4,2136
4,2137
4,2137
4,2138
3,2138
3,2139
3,2139
4,2140
4,2140
4,2140
4,2140
4,2140
4,2140
3,2140
4,2140
4,2140
4,2140
4,2141
4,2141
3,2141
3,2142
6,2142
4,2143
6,2143
0,2144
4,2144
0,2144
0,2145
0,2145
3,2145
4,2146
0,2146
3,2147
5,2147
5,2147
6,2147
4,2147
5,2147
4,2147
4,2147
4,2147
4,2147
4,2147
4,2148
4,2148
4,2148
4,2148
4,2148
4,2148
4,2149
4,2149
5,2149
4,2150
4,2150
4,2150
1,2153
6,2153
6,2154
1,2154
4,2154
1,2155
1,2155
6,2156
4,2156
1,2156
1,2156
4,2157
1,2157
1,2157
4,2158
1,2158
1,2158
4,2158
6,2158
4,2159
1,2159
1,2159
6,2159
3,2159
