,Emotion,Dialogue_ID
0,4,0
1,4,0
2,4,0
3,4,0
4,4,0
5,4,0
6,6,1
7,4,2
8,5,2
9,4,2
10,1,2
11,4,2
12,6,3
13,4,3
14,4,3
15,6,3
16,5,3
17,4,4
18,4,4
19,6,4
20,5,4
21,4,5
22,3,5
23,5,5
24,3,8
25,6,8
26,4,8
27,0,8
28,3,8
29,4,8
30,6,8
31,0,8
32,4,9
33,4,10
34,4,10
35,4,10
36,4,11
37,4,11
38,3,11
39,4,12
40,4,12
41,3,12
42,4,12
43,4,12
44,3,12
45,3,13
46,3,13
47,4,13
48,4,13
49,1,13
50,0,13
51,0,14
52,0,14
53,0,14
54,0,15
55,4,15
56,4,16
57,3,16
58,3,17
59,3,18
60,3,19
61,3,20
62,3,21
63,1,21
64,2,21
65,4,21
66,6,21
67,2,21
68,0,21
69,3,22
70,4,22
71,6,22
72,4,23
73,4,23
74,4,24
75,4,24
76,5,24
77,6,24
78,5,24
79,5,24
80,4,24
81,4,24
82,4,24
83,4,24
84,4,24
85,3,24
86,3,24
87,4,25
88,4,25
89,4,25
90,4,26
91,4,26
92,4,26
93,3,26
94,3,26
95,4,27
96,4,27
97,4,27
98,4,28
99,3,28
100,3,28
101,3,29
102,3,29
103,3,30
104,4,31
105,4,32
106,4,32
107,0,33
108,3,33
109,4,33
110,4,34
111,2,35
112,2,35
113,2,36
114,4,38
115,4,38
116,3,38
117,5,38
118,6,38
119,2,38
120,3,40
121,3,40
122,3,40
123,4,40
124,4,40
125,3,40
126,6,40
127,3,41
128,3,41
129,3,41
130,3,41
131,4,41
132,4,41
133,3,41
134,4,42
135,3,42
136,3,43
137,0,43
138,1,43
139,4,43
140,4,43
141,0,44
142,1,44
143,4,44
144,1,45
145,4,45
146,6,45
147,4,45
148,6,46
149,0,46
150,6,46
151,0,47
152,4,49
153,4,51
154,4,52
155,4,52
156,4,52
157,3,52
158,4,52
159,4,52
160,3,52
161,3,53
162,3,53
163,3,53
164,3,53
165,4,53
166,4,53
167,4,53
168,4,53
169,4,53
170,6,54
171,4,54
172,3,54
173,3,54
174,5,54
175,4,54
176,4,55
177,6,55
178,4,56
179,4,56
180,4,56
181,4,56
182,5,56
183,4,57
184,3,57
185,4,57
186,4,57
187,4,57
188,4,57
189,5,58
190,3,58
191,0,59
192,2,59
193,2,59
194,5,59
195,6,60
196,3,60
197,4,60
198,3,60
199,0,60
200,0,60
201,0,60
202,0,60
203,4,62
204,3,62
205,2,62
206,3,63
207,4,63
208,4,63
209,0,63
210,2,63
211,0,63
212,0,64
213,4,65
214,4,65
215,4,65
216,4,66
217,4,66
218,4,67
219,4,68
220,4,68
221,4,69
222,0,70
223,0,71
224,4,71
225,4,72
226,4,72
227,4,73
228,2,73
229,0,74
230,2,74
231,3,75
232,3,76
233,4,76
234,4,77
235,4,77
236,4,77
237,4,78
238,4,78
239,3,80
240,3,81
241,4,81
242,4,82
243,4,82
244,4,82
245,4,82
246,4,82
247,4,82
248,4,82
249,6,82
250,4,82
251,1,82
252,3,83
253,3,83
254,4,84
255,4,85
256,4,86
257,3,86
258,3,86
259,0,87
260,4,88
261,4,88
262,0,88
263,6,88
264,4,89
265,6,89
266,4,89
267,0,89
268,6,89
269,0,91
270,0,91
271,0,91
272,4,91
273,4,91
274,0,91
275,0,91
276,0,92
277,0,92
278,3,92
279,4,92
280,4,92
281,0,92
282,0,92
283,3,93
284,1,93
285,4,93
286,0,94
287,0,95
288,4,95
289,4,95
290,3,95
291,4,96
292,4,97
293,4,98
294,4,98
295,2,98
296,3,99
297,4,99
298,1,99
299,2,99
300,5,99
301,5,100
302,5,101
303,6,101
304,4,101
305,4,101
306,4,101
307,4,101
308,1,101
309,6,101
310,4,102
311,6,102
312,4,103
313,4,103
314,4,103
315,4,103
316,4,103
317,4,104
318,5,105
319,1,105
320,0,105
321,6,106
322,0,106
323,0,107
324,6,107
325,6,108
326,4,108
327,4,109
328,0,109
329,6,109
330,6,110
331,3,110
332,6,110
333,3,111
334,4,112
335,4,112
336,4,112
337,4,112
338,4,112
339,4,112
340,4,112
341,3,112
342,4,112
343,6,112
344,6,112
345,4,112
346,3,112
347,4,112
348,4,113
349,0,113
350,3,113
351,4,114
352,0,114
353,4,114
354,4,114
355,4,114
356,4,115
357,4,115
358,4,115
359,6,115
360,4,116
361,6,116
362,4,117
363,4,117
364,4,117
365,4,117
366,4,117
367,4,118
368,0,118
369,4,118
370,6,118
371,3,119
372,4,119
373,2,119
374,2,119
375,5,119
376,3,119
377,6,119
378,5,120
379,4,120
380,1,120
381,0,120
382,0,120
383,0,120
384,0,120
385,0,120
386,3,121
387,4,121
388,4,121
389,4,121
390,4,121
391,4,121
392,4,122
393,4,122
394,4,122
395,3,122
396,4,122
397,3,122
398,1,123
399,5,123
400,0,123
401,4,123
402,0,124
403,2,124
404,2,124
405,4,124
406,0,124
407,5,124
408,4,124
409,4,124
410,2,124
411,5,124
412,5,124
413,3,124
414,3,124
415,2,125
416,2,125
417,4,125
418,3,125
419,0,125
420,4,125
421,4,125
422,5,125
423,5,125
424,4,127
425,3,128
426,3,128
427,4,128
428,6,128
429,4,128
430,3,128
431,4,128
432,6,129
433,6,130
434,4,130
435,3,130
436,6,131
437,4,131
438,6,131
439,4,131
440,4,131
441,4,131
442,3,131
443,4,132
444,0,134
445,4,134
446,4,134
447,4,134
448,4,135
449,3,135
450,4,135
451,3,136
452,4,136
453,3,136
454,3,137
455,4,138
456,6,138
457,6,138
458,4,138
459,3,139
460,4,139
461,3,139
462,3,139
463,0,139
464,5,139
465,0,140
466,4,140
467,4,141
468,4,142
469,3,142
470,3,142
471,3,143
472,4,144
473,0,144
474,4,144
475,3,145
476,3,145
477,4,146
478,4,146
479,4,146
480,4,146
481,4,146
482,5,146
483,6,147
484,3,147
485,4,147
486,5,147
487,4,147
488,3,147
489,3,147
490,3,148
491,4,148
492,0,148
493,0,149
494,3,149
495,4,150
496,4,150
497,4,151
498,5,151
499,4,151
500,3,152
501,4,153
502,4,154
503,4,154
504,4,154
505,0,154
506,4,154
507,4,155
508,0,155
509,0,156
510,4,158
511,6,158
512,4,158
513,6,158
514,4,158
515,4,158
516,4,159
517,3,159
518,4,159
519,4,159
520,4,159
521,3,160
522,4,160
523,1,160
524,0,160
525,4,161
526,4,161
527,4,162
528,4,162
529,4,162
530,4,162
531,5,162
532,4,163
533,4,163
534,3,163
535,0,164
536,6,164
537,0,165
538,0,165
539,0,166
540,1,167
541,3,167
542,1,167
543,4,167
544,4,168
545,3,168
546,6,168
547,4,168
548,4,168
549,4,169
550,4,169
551,3,169
552,2,169
553,2,170
554,4,170
555,0,170
556,0,170
557,0,170
558,6,170
559,3,171
560,0,171
561,0,171
562,0,171
563,6,171
564,4,172
565,4,172
566,0,172
567,1,172
568,5,172
569,4,172
570,1,172
571,1,172
572,4,172
573,4,173
574,1,173
575,4,173
576,1,173
577,4,174
578,4,174
579,4,175
580,2,176
581,0,176
582,0,177
583,0,177
584,4,177
585,4,178
586,4,178
587,5,178
588,4,179
589,4,179
590,4,179
591,4,180
592,4,180
593,4,180
594,4,180
595,6,180
596,4,180
597,4,181
598,4,181
599,4,181
600,4,181
601,6,181
602,4,181
603,5,182
604,3,183
605,3,184
606,3,186
607,3,187
608,3,187
609,4,188
610,0,189
611,4,190
612,0,190
613,1,190
614,4,190
615,3,190
616,4,191
617,4,191
618,0,191
619,1,191
620,4,191
621,3,191
622,4,192
623,4,192
624,4,193
625,6,193
626,4,193
627,4,195
628,4,195
629,1,195
630,0,195
631,4,195
632,3,195
633,3,195
634,4,195
635,3,196
636,3,196
637,0,196
638,4,196
639,4,196
640,4,196
641,4,196
642,3,197
643,3,197
644,0,197
645,4,197
646,4,197
647,4,198
648,4,198
649,4,199
650,0,199
651,3,200
652,4,200
653,4,200
654,0,200
655,4,200
656,4,200
657,0,200
658,0,201
659,4,201
660,4,202
661,3,202
662,2,203
663,4,203
664,4,203
665,4,203
666,4,205
667,4,205
668,3,206
669,4,206
670,3,206
671,4,206
672,4,206
673,3,206
674,6,207
675,4,209
676,4,209
677,4,209
678,4,210
679,2,210
680,4,211
681,4,211
682,3,211
683,4,212
684,4,212
685,4,213
686,3,213
687,4,214
688,4,214
689,4,214
690,4,215
691,3,216
692,4,216
693,3,216
694,3,217
695,4,217
696,4,218
697,4,218
698,4,218
699,2,218
700,2,218
701,3,218
702,4,219
703,4,219
704,2,219
705,2,219
706,3,220
707,4,220
708,4,220
709,4,220
710,3,221
711,5,221
712,5,221
713,5,221
714,4,222
715,6,222
716,4,225
717,2,225
718,2,225
719,4,225
720,4,225
721,2,225
722,1,225
723,6,225
724,1,225
725,6,226
726,0,226
727,0,226
728,1,226
729,4,227
730,4,227
731,4,227
732,4,227
733,4,227
734,4,227
735,4,228
736,4,228
737,4,228
738,4,228
739,4,228
740,4,228
741,4,228
742,6,229
743,3,229
744,3,229
745,4,230
746,4,230
747,4,230
748,4,231
749,4,231
750,0,231
751,6,231
752,6,232
753,4,233
754,4,233
755,5,233
756,6,233
757,4,233
758,4,233
759,5,233
760,3,234
761,4,234
762,4,234
763,4,235
764,6,235
765,3,235
766,0,235
767,3,235
768,5,236
769,5,236
770,6,236
771,4,236
772,2,237
773,3,237
774,4,238
775,4,239
776,4,239
777,4,239
778,4,239
779,4,239
780,4,241
781,4,241
782,4,241
783,4,242
784,3,242
785,3,243
786,1,243
787,1,244
788,0,244
789,6,245
790,2,245
791,4,245
792,4,245
793,4,245
794,1,245
795,1,245
796,4,245
797,6,246
798,2,246
799,4,246
800,4,246
801,4,246
802,3,246
803,3,246
804,1,246
805,4,246
806,4,246
807,3,247
808,1,247
809,4,247
810,4,247
811,1,247
812,1,247
813,6,248
814,0,248
815,0,248
816,0,248
817,4,248
818,0,248
819,0,248
820,3,249
821,4,249
822,5,249
823,5,250
824,3,250
825,3,250
826,6,250
827,5,250
828,3,250
829,3,251
830,4,251
831,4,251
832,4,251
833,4,251
834,3,252
835,3,252
836,3,253
837,0,253
838,0,254
839,4,254
840,0,254
841,0,255
842,3,256
843,3,256
844,3,256
845,3,256
846,3,256
847,3,257
848,5,257
849,5,257
850,5,258
851,5,258
852,0,258
853,4,258
854,4,258
855,0,258
856,6,258
857,4,259
858,1,259
859,4,259
860,4,259
861,4,259
862,4,259
863,1,259
864,6,259
865,4,259
866,4,259
867,3,259
868,4,260
869,6,262
870,4,262
871,5,262
872,4,262
873,5,262
874,4,262
875,5,262
876,4,262
877,4,263
878,4,263
879,4,263
880,4,264
881,4,264
882,4,264
883,0,265
884,0,265
885,3,265
886,1,265
887,4,265
888,3,265
889,0,265
890,4,265
891,0,265
892,4,266
893,4,266
894,3,267
895,3,268
896,3,268
897,4,269
898,4,269
899,6,269
900,4,270
901,4,270
902,4,270
903,4,270
904,4,270
905,4,270
906,4,271
907,4,272
908,4,272
909,4,273
910,5,273
911,5,274
912,3,274
913,3,275
914,4,275
915,4,276
916,4,276
917,4,276
918,4,276
919,6,277
920,2,277
921,0,277
922,6,277
923,2,278
924,0,278
925,6,279
926,0,279
927,1,279
928,1,280
929,1,280
930,1,280
931,0,280
932,1,280
933,1,281
934,1,281
935,0,281
936,1,281
937,4,281
938,2,282
939,0,282
940,1,282
941,1,282
942,0,282
943,4,282
944,4,283
945,5,283
946,4,283
947,0,283
948,4,283
949,4,283
950,5,283
951,5,283
952,4,284
953,4,284
954,4,284
955,3,284
956,6,284
957,1,284
958,6,284
959,4,284
960,0,284
961,0,285
962,0,285
963,0,285
964,1,285
965,4,285
966,4,285
967,4,285
968,4,285
969,2,285
970,4,285
971,0,285
972,0,285
973,5,285
974,5,286
975,4,286
976,4,286
977,3,286
978,2,287
979,0,288
980,5,288
981,3,289
982,3,289
983,3,289
984,6,289
985,4,289
986,3,289
987,5,289
988,4,289
989,3,290
990,4,290
991,4,290
992,4,290
993,6,290
994,6,291
995,5,291
996,4,292
997,3,292
998,4,292
999,3,292
1000,1,293
1001,4,293
1002,4,294
1003,0,294
1004,0,294
1005,3,295
1006,3,295
1007,3,296
1008,0,296
1009,0,297
1010,3,298
1011,4,298
1012,3,298
1013,6,298
1014,3,298
1015,4,298
1016,4,298
1017,5,299
1018,6,299
1019,0,299
1020,4,299
1021,6,299
1022,4,299
1023,2,299
1024,4,299
1025,5,300
1026,0,300
1027,4,300
1028,4,300
1029,3,301
1030,3,301
1031,3,302
1032,4,303
1033,6,303
1034,4,304
1035,6,305
1036,4,305
1037,3,306
1038,3,306
1039,3,306
1040,3,306
1041,3,307
1042,3,307
1043,3,307
1044,3,307
1045,5,308
1046,4,308
1047,5,308
1048,3,308
1049,4,308
1050,3,308
1051,5,308
1052,5,309
1053,3,309
1054,3,309
1055,4,309
1056,5,310
1057,4,310
1058,3,311
1059,4,311
1060,4,311
1061,4,312
1062,4,313
1063,0,313
1064,6,313
1065,6,313
1066,0,313
1067,2,314
1068,6,314
1069,2,314
1070,3,314
1071,4,315
1072,6,315
1073,4,315
1074,3,315
1075,3,315
1076,4,315
1077,3,315
1078,3,315
1079,3,315
1080,4,316
1081,3,317
1082,6,317
1083,4,317
1084,4,317
1085,6,318
1086,0,318
1087,5,318
1088,0,318
1089,0,319
1090,4,319
1091,4,319
1092,4,320
1093,4,321
1094,4,322
1095,5,322
1096,0,323
1097,4,323
1098,4,323
1099,4,323
1100,4,324
1101,4,324
1102,4,324
1103,4,324
1104,0,324
1105,4,324
1106,4,324
1107,3,325
1108,4,325
1109,4,326
1110,6,326
1111,1,326
1112,4,326
1113,1,326
1114,6,326
1115,4,326
1116,4,326
1117,4,326
1118,4,327
1119,4,327
1120,4,327
1121,6,327
1122,4,328
1123,3,328
1124,4,328
1125,3,328
1126,3,329
1127,3,329
1128,0,329
1129,0,329
1130,0,329
1131,3,330
1132,0,330
1133,0,330
1134,3,332
1135,3,332
1136,3,333
1137,4,333
1138,4,333
1139,5,333
1140,3,335
1141,4,335
1142,6,335
1143,6,336
1144,4,336
1145,4,336
1146,5,336
1147,5,336
1148,4,337
1149,5,337
1150,4,337
1151,5,337
1152,6,338
1153,4,338
1154,6,338
1155,6,339
1156,4,341
1157,4,341
1158,4,341
1159,4,342
1160,6,342
1161,4,342
1162,4,343
1163,3,343
1164,4,344
1165,2,344
1166,3,344
1167,3,344
1168,2,345
1169,3,345
1170,3,345
1171,5,345
1172,4,346
1173,4,347
1174,4,347
1175,4,347
1176,5,349
1177,5,349
1178,5,350
1179,6,350
1180,6,351
1181,4,351
1182,6,351
1183,3,351
1184,2,351
1185,3,353
1186,3,354
1187,4,354
1188,0,355
1189,4,355
1190,4,355
1191,6,355
1192,4,355
1193,5,356
1194,5,356
1195,0,356
1196,0,356
1197,0,356
1198,4,356
1199,4,356
1200,4,356
1201,3,357
1202,3,357
1203,4,357
1204,4,357
1205,3,357
1206,4,357
1207,4,357
1208,4,357
1209,3,357
1210,3,358
1211,4,358
1212,5,359
1213,4,359
1214,4,359
1215,0,359
1216,4,359
1217,0,359
1218,0,359
1219,0,359
1220,0,359
1221,0,359
1222,4,360
1223,3,360
1224,3,361
1225,0,361
1226,6,362
1227,6,362
1228,5,362
1229,6,362
1230,4,362
1231,6,363
1232,6,363
1233,5,363
1234,6,363
1235,6,363
1236,6,364
1237,4,365
1238,3,366
1239,3,366
1240,3,366
1241,6,366
1242,5,367
1243,6,367
1244,4,367
1245,6,368
1246,4,368
1247,6,369
1248,4,369
1249,6,369
1250,4,369
1251,0,370
1252,0,370
1253,0,370
1254,2,371
1255,4,371
1256,4,372
1257,4,372
1258,4,372
1259,4,373
1260,0,374
1261,0,375
1262,0,376
1263,0,377
1264,4,378
1265,4,379
1266,6,379
1267,0,379
1268,3,379
1269,3,380
1270,4,380
1271,4,381
1272,3,382
1273,3,383
1274,3,384
1275,3,385
1276,0,386
1277,4,386
1278,4,386
1279,5,387
1280,4,387
1281,3,387
1282,1,387
1283,1,388
1284,5,389
1285,4,389
1286,3,389
1287,4,390
1288,4,390
1289,6,390
1290,4,390
1291,4,390
1292,4,391
1293,3,391
1294,4,392
1295,4,392
1296,4,392
1297,0,392
1298,4,392
1299,4,392
1300,4,393
1301,6,394
1302,0,394
1303,4,394
1304,4,395
1305,4,395
1306,6,395
1307,3,395
1308,4,396
1309,3,397
1310,4,397
1311,5,400
1312,3,400
1313,3,400
1314,6,400
1315,3,401
1316,3,401
1317,4,401
1318,3,402
1319,3,402
1320,4,402
1321,4,403
1322,4,404
1323,6,404
1324,4,405
1325,0,405
1326,0,405
1327,4,406
1328,2,406
1329,5,406
1330,6,406
1331,4,407
1332,4,408
1333,4,408
1334,4,408
1335,0,408
1336,4,409
1337,3,409
1338,4,409
1339,4,409
1340,3,410
1341,3,411
1342,3,411
1343,3,411
1344,3,412
1345,3,413
1346,4,413
1347,4,413
1348,5,413
1349,4,414
1350,4,414
1351,4,415
1352,4,415
1353,5,415
1354,4,416
1355,4,416
1356,4,416
1357,3,417
1358,3,418
1359,3,419
1360,0,420
1361,0,420
1362,0,421
1363,4,421
1364,6,421
1365,0,421
1366,0,421
1367,0,422
1368,3,423
1369,4,423
1370,6,423
1371,4,423
1372,3,423
1373,3,423
1374,6,424
1375,4,424
1376,4,424
1377,4,424
1378,4,424
1379,0,424
1380,0,424
1381,4,424
1382,4,425
1383,4,425
1384,4,425
1385,4,425
1386,3,425
1387,3,425
1388,4,425
1389,1,426
1390,4,426
1391,4,427
1392,4,427
1393,1,427
1394,5,427
1395,6,427
1396,1,428
1397,3,428
1398,4,428
1399,3,429
1400,0,429
1401,4,429
1402,3,429
1403,3,430
1404,3,431
1405,3,432
1406,5,433
1407,0,434
1408,0,434
1409,0,434
1410,0,434
1411,3,434
1412,3,434
1413,0,435
1414,3,435
1415,3,436
1416,4,436
1417,4,437
1418,3,438
1419,4,438
1420,1,438
1421,4,439
1422,3,439
1423,4,439
1424,3,439
1425,3,440
1426,1,440
1427,1,441
1428,3,441
1429,1,442
1430,6,442
1431,3,442
1432,6,442
1433,4,442
1434,3,443
1435,6,443
1436,4,444
1437,4,444
1438,1,444
1439,4,444
1440,0,444
1441,4,444
1442,4,445
1443,4,445
1444,3,445
1445,6,446
1446,5,446
1447,5,447
1448,4,447
1449,6,447
1450,4,447
1451,3,447
1452,4,447
1453,5,448
1454,4,448
1455,4,448
1456,4,449
1457,4,449
1458,4,449
1459,5,449
1460,5,450
1461,4,450
1462,5,450
1463,4,450
1464,4,450
1465,4,450
1466,4,451
1467,5,451
1468,4,451
1469,4,451
1470,4,451
1471,4,451
1472,3,452
1473,4,452
1474,3,452
1475,3,452
1476,4,452
1477,4,453
1478,3,453
1479,3,453
1480,4,455
1481,5,455
1482,5,456
1483,4,456
1484,0,456
1485,5,457
1486,5,459
1487,4,461
1488,3,461
1489,5,461
1490,3,461
1491,4,461
1492,3,461
1493,4,461
1494,3,461
1495,3,461
1496,4,462
1497,3,462
1498,4,462
1499,1,462
1500,1,462
1501,1,462
1502,1,462
1503,3,463
1504,3,463
1505,4,463
1506,3,463
1507,4,463
1508,3,463
1509,3,463
1510,3,463
1511,4,463
1512,1,463
1513,1,463
1514,4,464
1515,4,464
1516,4,464
1517,4,465
1518,4,465
1519,5,465
1520,4,465
1521,4,465
1522,4,465
1523,4,466
1524,4,467
1525,4,467
1526,3,467
1527,3,467
1528,4,468
1529,4,468
1530,4,468
1531,4,468
1532,4,468
1533,5,468
1534,4,468
1535,4,468
1536,6,469
1537,3,469
1538,4,469
1539,4,469
1540,4,469
1541,4,469
1542,4,469
1543,6,469
1544,3,469
1545,1,469
1546,3,469
1547,4,470
1548,4,470
1549,1,470
1550,3,470
1551,4,470
1552,3,471
1553,4,472
1554,4,472
1555,5,472
1556,1,472
1557,3,472
1558,0,473
1559,5,473
1560,4,473
1561,6,473
1562,4,473
1563,3,474
1564,4,474
1565,4,474
1566,4,474
1567,4,475
1568,3,475
1569,4,476
1570,4,476
1571,4,476
1572,4,476
1573,4,476
1574,4,476
1575,0,476
1576,5,476
1577,4,476
1578,4,477
1579,4,477
1580,4,478
1581,4,478
1582,0,478
1583,0,478
1584,6,478
1585,4,479
1586,6,479
1587,6,479
1588,4,479
1589,6,480
1590,6,481
1591,6,481
1592,6,482
1593,4,482
1594,6,482
1595,3,483
1596,6,483
1597,3,484
1598,4,484
1599,0,484
1600,6,485
1601,6,486
1602,4,486
1603,0,486
1604,6,486
1605,0,486
1606,0,487
1607,6,487
1608,3,487
1609,3,487
1610,3,488
1611,4,488
1612,4,489
1613,4,491
1614,4,491
1615,4,491
1616,4,492
1617,4,492
1618,4,492
1619,0,492
1620,4,492
1621,4,492
1622,1,492
1623,4,492
1624,0,492
1625,4,493
1626,4,493
1627,1,493
1628,6,494
1629,0,494
1630,4,494
1631,6,494
1632,6,494
1633,5,494
1634,5,494
1635,4,494
1636,4,495
1637,4,495
1638,4,495
1639,4,495
1640,4,496
1641,4,496
1642,3,496
1643,3,496
1644,2,496
1645,2,497
1646,3,497
1647,4,498
1648,4,498
1649,2,499
1650,4,499
1651,4,500
1652,4,500
1653,0,501
1654,5,501
1655,0,501
1656,3,501
1657,4,501
1658,0,501
1659,4,501
1660,0,502
1661,5,502
1662,0,502
1663,3,502
1664,1,502
1665,1,503
1666,1,503
1667,3,504
1668,4,504
1669,4,504
1670,5,504
1671,4,505
1672,4,505
1673,6,506
1674,4,507
1675,4,507
1676,4,507
1677,4,507
1678,3,508
1679,3,508
1680,3,508
1681,3,508
1682,3,508
1683,3,508
1684,5,508
1685,1,508
1686,1,508
1687,5,508
1688,6,508
1689,5,508
1690,3,509
1691,5,509
1692,5,510
1693,4,510
1694,4,510
1695,4,510
1696,4,511
1697,4,511
1698,4,511
1699,4,511
1700,6,512
1701,3,513
1702,3,513
1703,0,513
1704,3,513
1705,0,513
1706,4,514
1707,4,514
1708,3,514
1709,5,514
1710,5,514
1711,4,515
1712,4,515
1713,3,515
1714,5,515
1715,5,515
1716,5,515
1717,3,515
1718,4,515
1719,6,516
1720,3,516
1721,6,516
1722,6,517
1723,0,519
1724,4,519
1725,4,519
1726,0,520
1727,4,520
1728,4,520
1729,4,521
1730,4,521
1731,4,521
1732,4,521
1733,4,521
1734,4,521
1735,3,521
1736,1,521
1737,4,521
1738,4,522
1739,4,522
1740,4,522
1741,3,522
1742,4,522
1743,1,522
1744,4,522
1745,3,523
1746,4,523
1747,3,524
1748,4,525
1749,3,525
1750,4,525
1751,3,525
1752,3,525
1753,2,525
1754,3,525
1755,4,525
1756,0,526
1757,1,527
1758,6,527
1759,4,527
1760,1,527
1761,3,527
1762,0,527
1763,3,527
1764,1,527
1765,5,528
1766,4,528
1767,0,528
1768,4,528
1769,4,528
1770,4,528
1771,0,528
1772,3,528
1773,4,528
1774,5,528
1775,0,528
1776,3,529
1777,4,529
1778,4,529
1779,5,529
1780,0,529
1781,4,530
1782,5,530
1783,0,530
1784,3,531
1785,2,531
1786,4,532
1787,6,532
1788,4,532
1789,4,532
1790,4,532
1791,2,533
1792,2,533
1793,0,534
1794,5,534
1795,5,534
1796,5,535
1797,5,535
1798,5,535
1799,5,535
1800,5,536
1801,5,536
1802,5,536
1803,4,536
1804,5,537
1805,5,537
1806,4,537
1807,2,537
1808,4,538
1809,0,538
1810,4,538
1811,5,538
1812,4,539
1813,5,539
1814,5,540
1815,0,540
1816,6,541
1817,6,541
1818,4,541
1819,4,541
1820,3,541
1821,4,542
1822,3,542
1823,4,542
1824,0,542
1825,2,542
1826,4,542
1827,4,542
1828,4,542
1829,4,542
1830,3,542
1831,4,542
1832,4,542
1833,0,543
1834,4,543
1835,0,543
1836,5,543
1837,4,544
1838,6,544
1839,3,545
1840,3,545
1841,4,545
1842,6,546
1843,3,546
1844,3,546
1845,6,546
1846,6,547
1847,4,547
1848,0,547
1849,2,548
1850,6,548
1851,0,548
1852,3,548
1853,0,548
1854,0,549
1855,4,549
1856,4,549
1857,4,550
1858,5,550
1859,4,550
1860,4,550
1861,0,550
1862,6,550
1863,3,550
1864,4,551
1865,5,551
1866,4,552
1867,5,552
1868,4,552
1869,6,553
1870,6,554
1871,4,554
1872,0,554
1873,3,554
1874,2,554
1875,0,555
1876,2,555
1877,0,555
1878,0,556
1879,0,556
1880,2,556
1881,4,556
1882,4,556
1883,6,556
1884,2,556
1885,0,556
1886,1,556
1887,6,556
1888,2,556
1889,2,557
1890,3,558
1891,4,559
1892,4,559
1893,4,559
1894,0,559
1895,4,559
1896,4,559
1897,4,560
1898,5,560
1899,4,561
1900,5,561
1901,4,561
1902,6,562
1903,5,562
1904,0,562
1905,0,562
1906,4,562
1907,0,563
1908,2,563
1909,4,563
1910,6,563
1911,2,564
1912,0,564
1913,6,565
1914,4,565
1915,4,566
1916,3,566
1917,3,566
1918,4,566
1919,4,566
1920,4,567
1921,4,568
1922,4,569
1923,6,569
1924,1,569
1925,4,569
1926,4,569
1927,3,570
1928,3,570
1929,1,571
1930,4,571
1931,1,571
1932,4,571
1933,4,571
1934,4,572
1935,4,573
1936,3,573
1937,4,573
1938,4,573
1939,4,573
1940,4,573
1941,4,573
1942,4,573
1943,4,574
1944,4,574
1945,4,574
1946,4,574
1947,4,575
1948,4,576
1949,4,576
1950,4,577
1951,4,578
1952,4,579
1953,5,579
1954,4,579
1955,0,579
1956,4,579
1957,4,579
1958,4,580
1959,4,580
1960,4,580
1961,4,580
1962,4,581
1963,3,581
1964,6,582
1965,4,582
1966,4,583
1967,4,583
1968,4,583
1969,4,583
1970,4,584
1971,4,584
1972,3,584
1973,4,584
1974,4,584
1975,4,584
1976,4,584
1977,2,585
1978,4,585
1979,5,585
1980,5,585
1981,5,586
1982,6,587
1983,6,587
1984,4,587
1985,2,587
1986,4,587
1987,4,587
1988,3,587
1989,6,588
1990,6,588
1991,4,588
1992,3,588
1993,4,588
1994,4,589
1995,5,589
1996,6,592
1997,5,592
1998,0,592
1999,0,592
2000,0,592
2001,0,592
2002,0,592
2003,4,593
2004,0,593
2005,4,593
2006,4,594
2007,4,595
2008,0,595
2009,4,595
2010,3,595
2011,6,595
2012,6,596
2013,4,597
2014,4,598
2015,4,599
2016,3,599
2017,4,599
2018,3,600
2019,4,600
2020,5,600
2021,4,601
2022,4,601
2023,3,602
2024,0,602
2025,6,602
2026,1,602
2027,4,602
2028,1,602
2029,0,602
2030,0,602
2031,2,602
2032,4,602
2033,2,603
2034,2,603
2035,2,603
2036,2,604
2037,6,604
2038,4,604
2039,6,605
2040,4,605
2041,3,605
2042,1,605
2043,4,605
2044,2,605
2045,5,605
2046,4,606
2047,2,606
2048,2,607
2049,0,607
2050,0,608
2051,4,608
2052,4,609
2053,4,610
2054,4,610
2055,4,612
2056,0,612
2057,0,612
2058,4,613
2059,4,613
2060,0,613
2061,4,614
2062,4,614
2063,3,615
2064,4,615
2065,3,615
2066,4,616
2067,4,617
2068,4,617
2069,3,618
2070,4,618
2071,4,618
2072,4,618
2073,4,618
2074,3,618
2075,4,619
2076,4,619
2077,4,619
2078,3,619
2079,3,620
2080,3,620
2081,5,620
2082,3,620
2083,4,620
2084,3,620
2085,4,620
2086,3,621
2087,4,621
2088,4,621
2089,4,621
2090,4,621
2091,4,622
2092,3,622
2093,4,622
2094,4,622
2095,3,623
2096,3,623
2097,4,624
2098,4,624
2099,3,624
2100,5,624
2101,5,625
2102,6,625
2103,5,625
2104,3,627
2105,3,628
2106,4,629
2107,3,629
2108,3,630
2109,4,630
2110,4,630
2111,4,631
2112,3,631
2113,3,632
2114,4,633
2115,4,634
2116,0,634
2117,0,634
2118,6,634
2119,5,634
2120,5,635
2121,0,635
2122,0,636
2123,5,636
2124,5,637
2125,4,637
2126,5,637
2127,4,638
2128,4,638
2129,3,639
2130,3,639
2131,3,639
2132,4,639
2133,4,639
2134,4,640
2135,4,640
2136,4,641
2137,4,641
2138,3,641
2139,3,641
2140,0,641
2141,4,641
2142,3,641
2143,3,642
2144,3,642
2145,4,642
2146,3,643
2147,3,644
2148,3,644
2149,3,644
2150,5,645
2151,2,645
2152,3,646
2153,4,646
2154,4,647
2155,3,647
2156,4,647
2157,0,647
2158,4,647
2159,0,647
2160,0,647
2161,0,647
2162,4,648
2163,3,648
2164,4,648
2165,0,648
2166,0,648
2167,0,648
2168,3,649
2169,0,649
2170,4,649
2171,3,650
2172,6,650
2173,0,650
2174,0,650
2175,0,650
2176,0,650
2177,0,650
2178,4,653
2179,4,653
2180,4,653
2181,4,653
2182,0,653
2183,5,653
2184,4,653
2185,4,653
2186,3,653
2187,4,653
2188,3,653
2189,3,653
2190,3,653
2191,4,654
2192,4,654
2193,5,654
2194,4,654
2195,4,654
2196,5,654
2197,3,655
2198,4,655
2199,4,655
2200,1,655
2201,1,655
2202,1,656
2203,6,656
2204,4,658
2205,4,658
2206,4,658
2207,4,658
2208,4,658
2209,4,659
2210,4,659
2211,4,659
2212,4,659
2213,4,659
2214,5,660
2215,4,660
2216,6,660
2217,3,660
2218,4,660
2219,6,661
2220,2,661
2221,3,661
2222,4,662
2223,0,663
2224,6,663
2225,4,663
2226,0,663
2227,0,664
2228,0,664
2229,0,665
2230,0,665
2231,4,665
2232,3,665
2233,0,666
2234,3,666
2235,5,667
2236,0,668
2237,3,668
2238,6,668
2239,0,669
2240,3,669
2241,6,669
2242,4,669
2243,4,670
2244,3,671
2245,4,672
2246,5,672
2247,5,673
2248,4,675
2249,3,675
2250,3,676
2251,6,677
2252,4,677
2253,6,677
2254,6,678
2255,4,679
2256,0,679
2257,4,679
2258,4,680
2259,6,680
2260,4,680
2261,3,681
2262,5,681
2263,4,681
2264,4,682
2265,4,682
2266,4,682
2267,4,682
2268,4,682
2269,4,682
2270,4,683
2271,3,683
2272,4,683
2273,4,683
2274,4,684
2275,6,684
2276,3,684
2277,3,684
2278,3,684
2279,6,684
2280,4,685
2281,2,685
2282,5,685
2283,4,685
2284,4,686
2285,2,686
2286,5,686
2287,1,686
2288,3,686
2289,3,686
2290,3,686
2291,3,687
2292,3,687
2293,3,687
2294,4,687
2295,6,687
2296,6,688
2297,4,688
2298,3,688
2299,6,688
2300,6,688
2301,4,688
2302,4,688
2303,6,688
2304,4,688
2305,4,689
2306,3,689
2307,4,689
2308,4,689
2309,3,690
2310,4,690
2311,4,690
2312,4,690
2313,4,691
2314,4,692
2315,4,692
2316,4,692
2317,4,692
2318,4,692
2319,4,692
2320,4,692
2321,4,693
2322,3,693
2323,3,694
2324,0,694
2325,3,694
2326,4,694
2327,3,694
2328,4,694
2329,4,694
2330,4,695
2331,3,695
2332,3,695
2333,4,696
2334,4,696
2335,0,696
2336,4,696
2337,4,696
2338,3,696
2339,4,697
2340,3,697
2341,4,697
2342,6,697
2343,1,697
2344,3,698
2345,4,698
2346,3,698
2347,3,699
2348,6,699
2349,4,699
2350,4,699
2351,4,699
2352,4,700
2353,4,700
2354,4,700
2355,4,701
2356,5,701
2357,4,701
2358,5,701
2359,5,702
2360,5,702
2361,5,703
2362,6,703
2363,5,703
2364,3,704
2365,3,705
2366,4,705
2367,4,706
2368,5,706
2369,5,707
2370,4,707
2371,4,708
2372,4,709
2373,3,709
2374,6,709
2375,3,710
2376,3,710
2377,4,710
2378,4,710
2379,4,710
2380,0,711
2381,6,711
2382,0,711
2383,6,712
2384,2,712
2385,3,712
2386,0,712
2387,3,712
2388,2,713
2389,0,713
2390,2,713
2391,3,713
2392,0,713
2393,0,713
2394,0,713
2395,4,714
2396,4,714
2397,4,715
2398,4,715
2399,4,716
2400,4,717
2401,4,718
2402,4,719
2403,4,720
2404,3,721
2405,3,722
2406,4,722
2407,4,723
2408,4,724
2409,4,725
2410,4,725
2411,4,726
2412,4,726
2413,4,728
2414,4,729
2415,5,730
2416,6,730
2417,4,730
2418,4,730
2419,4,730
2420,0,730
2421,4,731
2422,4,731
2423,4,731
2424,0,731
2425,3,732
2426,4,732
2427,5,732
2428,4,732
2429,3,732
2430,5,733
2431,0,733
2432,3,733
2433,4,733
2434,3,735
2435,4,736
2436,4,736
2437,4,736
2438,0,736
2439,4,737
2440,4,737
2441,0,737
2442,6,738
2443,4,738
2444,4,739
2445,4,740
2446,4,740
2447,3,740
2448,4,741
2449,2,741
2450,4,741
2451,0,741
2452,3,741
2453,4,741
2454,4,742
2455,4,742
2456,4,742
2457,4,742
2458,4,743
2459,2,743
2460,0,743
2461,4,743
2462,4,743
2463,5,743
2464,4,744
2465,6,744
2466,4,744
2467,5,745
2468,3,745
2469,3,745
2470,5,745
2471,5,746
2472,5,746
2473,5,747
2474,4,747
2475,4,747
2476,4,748
2477,4,748
2478,4,749
2479,4,749
2480,6,749
2481,4,749
2482,4,750
2483,4,750
2484,3,750
2485,1,750
2486,3,750
2487,3,751
2488,4,751
2489,4,751
2490,5,752
2491,4,752
2492,5,752
2493,5,753
2494,5,753
2495,4,753
2496,4,753
2497,6,753
2498,4,754
2499,4,755
2500,4,755
2501,4,755
2502,5,755
2503,4,755
2504,4,755
2505,4,756
2506,4,756
2507,6,756
2508,4,757
2509,0,757
2510,4,757
2511,0,757
2512,5,757
2513,5,757
2514,4,758
2515,0,758
2516,4,758
2517,5,758
2518,6,758
2519,0,758
2520,4,758
2521,4,758
2522,3,759
2523,4,759
2524,4,759
2525,4,759
2526,4,759
2527,4,759
2528,6,759
2529,3,760
2530,3,761
2531,4,762
2532,4,762
2533,5,763
2534,3,763
2535,5,763
2536,3,764
2537,6,765
2538,4,765
2539,0,765
2540,0,765
2541,0,765
2542,4,766
2543,0,766
2544,0,766
2545,0,766
2546,0,766
2547,0,767
2548,0,767
2549,0,767
2550,0,767
2551,4,768
2552,0,769
2553,0,769
2554,0,769
2555,4,769
2556,0,769
2557,0,769
2558,4,770
2559,0,770
2560,0,770
2561,4,771
2562,3,771
2563,3,771
2564,2,771
2565,3,772
2566,2,772
2567,4,773
2568,4,773
2569,4,773
2570,6,773
2571,4,773
2572,0,773
2573,4,774
2574,6,775
2575,5,775
2576,5,775
2577,5,775
2578,4,775
2579,4,776
2580,4,777
2581,5,777
2582,3,778
2583,4,778
2584,3,778
2585,1,779
2586,3,779
2587,0,779
2588,4,779
2589,6,779
2590,1,780
2591,3,780
2592,0,780
2593,2,780
2594,4,780
2595,4,780
2596,6,780
2597,6,781
2598,4,781
2599,4,782
2600,4,782
2601,3,782
2602,0,783
2603,3,783
2604,5,783
2605,4,783
2606,5,784
2607,5,786
2608,3,787
2609,4,787
2610,4,787
2611,6,787
2612,1,787
2613,1,787
2614,2,787
2615,4,787
2616,1,787
2617,6,787
2618,3,787
2619,0,787
2620,0,787
2621,4,790
2622,4,791
2623,3,791
2624,4,791
2625,4,792
2626,6,792
2627,6,793
2628,6,796
2629,3,796
2630,3,797
2631,4,797
2632,3,797
2633,4,797
2634,3,797
2635,3,797
2636,4,799
2637,4,800
2638,3,800
2639,3,800
2640,0,800
2641,3,801
2642,0,801
2643,0,802
2644,4,802
2645,0,803
2646,3,803
2647,0,803
2648,0,804
2649,0,805
2650,6,805
2651,4,805
2652,5,805
2653,6,805
2654,5,805
2655,1,805
2656,1,805
2657,0,806
2658,0,806
2659,5,806
2660,4,806
2661,4,806
2662,5,806
2663,4,807
2664,4,807
2665,4,807
2666,4,807
2667,4,807
2668,3,807
2669,4,807
2670,6,807
2671,5,807
2672,6,807
2673,4,808
2674,4,808
2675,3,809
2676,3,809
2677,5,809
2678,4,809
2679,0,809
2680,5,809
2681,4,809
2682,4,809
2683,4,809
2684,4,809
2685,3,810
2686,0,813
2687,5,813
2688,4,813
2689,4,814
2690,4,815
2691,4,815
2692,4,816
2693,0,816
2694,0,816
2695,4,816
2696,4,817
2697,4,818
2698,4,819
2699,4,819
2700,4,819
2701,4,820
2702,4,820
2703,4,821
2704,4,823
2705,4,824
2706,4,824
2707,4,825
2708,6,825
2709,6,826
2710,6,826
2711,1,827
2712,6,827
2713,3,827
2714,4,827
2715,4,827
2716,4,827
2717,4,827
2718,6,828
2719,0,828
2720,3,828
2721,6,828
2722,4,828
2723,4,828
2724,4,828
2725,4,828
2726,3,828
2727,4,829
2728,4,829
2729,4,830
2730,2,830
2731,4,830
2732,0,831
2733,4,831
2734,4,832
2735,4,832
2736,4,832
2737,5,833
2738,4,834
2739,6,834
2740,6,835
2741,6,837
2742,6,838
2743,4,838
2744,4,838
2745,0,838
2746,4,839
2747,4,839
2748,4,839
2749,4,840
2750,4,840
2751,4,841
2752,4,841
2753,3,842
2754,4,842
2755,4,843
2756,4,843
2757,4,843
2758,4,843
2759,6,843
2760,6,844
2761,6,845
2762,4,845
2763,1,845
2764,4,846
2765,6,846
2766,4,846
2767,4,846
2768,4,847
2769,0,847
2770,4,847
2771,4,847
2772,6,847
2773,5,847
2774,5,847
2775,4,847
2776,3,848
2777,4,848
2778,1,848
2779,1,849
2780,4,849
2781,4,849
2782,4,850
2783,4,850
2784,2,851
2785,2,851
2786,2,851
2787,4,852
2788,4,852
2789,4,852
2790,4,852
2791,4,852
2792,4,852
2793,4,853
2794,4,853
2795,4,853
2796,4,853
2797,6,853
2798,0,853
2799,3,855
2800,4,855
2801,4,855
2802,4,855
2803,4,855
2804,4,855
2805,4,855
2806,4,855
2807,0,855
2808,4,856
2809,4,856
2810,4,856
2811,4,856
2812,4,856
2813,4,856
2814,4,856
2815,4,856
2816,0,856
2817,3,856
2818,3,857
2819,4,858
2820,4,858
2821,5,858
2822,6,858
2823,5,859
2824,4,859
2825,4,860
2826,0,860
2827,3,860
2828,6,860
2829,5,860
2830,3,861
2831,0,861
2832,6,861
2833,5,861
2834,0,862
2835,4,862
2836,6,862
2837,5,862
2838,4,863
2839,6,864
2840,5,864
2841,4,865
2842,4,865
2843,4,865
2844,4,866
2845,4,866
2846,4,866
2847,3,866
2848,4,866
2849,4,866
2850,4,867
2851,4,867
2852,4,867
2853,0,868
2854,4,868
2855,4,869
2856,4,869
2857,6,869
2858,6,870
2859,3,871
2860,4,871
2861,4,872
2862,4,872
2863,3,872
2864,0,872
2865,3,872
2866,0,872
2867,0,872
2868,0,873
2869,3,873
2870,0,873
2871,0,873
2872,1,873
2873,1,873
2874,3,874
2875,3,874
2876,0,875
2877,0,875
2878,0,875
2879,5,875
2880,1,875
2881,0,876
2882,0,876
2883,5,876
2884,5,878
2885,5,878
2886,4,878
2887,3,878
2888,4,878
2889,5,878
2890,4,878
2891,4,878
2892,3,879
2893,3,880
2894,3,880
2895,3,881
2896,6,882
2897,6,883
2898,4,883
2899,4,884
2900,3,884
2901,3,885
2902,1,886
2903,0,886
2904,1,886
2905,6,887
2906,6,888
2907,4,888
2908,4,889
2909,6,889
2910,4,889
2911,4,889
2912,4,889
2913,4,889
2914,4,889
2915,4,889
2916,4,890
2917,4,890
2918,4,890
2919,4,890
2920,4,890
2921,5,890
2922,4,890
2923,4,891
2924,6,891
2925,4,892
2926,5,892
2927,1,893
2928,4,893
2929,3,893
2930,4,893
2931,4,894
2932,3,894
2933,4,894
2934,4,894
2935,4,894
2936,4,894
2937,3,895
2938,4,895
2939,4,895
2940,4,895
2941,4,895
2942,4,896
2943,4,896
2944,4,896
2945,6,896
2946,4,896
2947,4,896
2948,4,898
2949,4,899
2950,5,899
2951,4,899
2952,4,899
2953,5,900
2954,4,900
2955,4,900
2956,5,900
2957,4,902
2958,4,902
2959,6,903
2960,3,904
2961,4,904
2962,4,904
2963,4,905
2964,4,905
2965,6,905
2966,4,906
2967,4,906
2968,4,907
2969,6,907
2970,5,907
2971,2,907
2972,5,907
2973,2,908
2974,4,908
2975,4,908
2976,5,908
2977,2,908
2978,0,908
2979,0,908
2980,0,908
2981,5,908
2982,4,909
2983,4,910
2984,4,910
2985,4,911
2986,4,912
2987,4,913
2988,4,914
2989,0,917
2990,5,917
2991,5,917
2992,5,917
2993,5,917
2994,0,918
2995,5,918
2996,5,918
2997,5,918
2998,5,918
2999,4,919
3000,4,919
3001,3,919
3002,4,920
3003,0,920
3004,0,920
3005,0,920
3006,0,920
3007,0,920
3008,4,920
3009,0,921
3010,0,921
3011,0,921
3012,0,921
3013,0,921
3014,0,921
3015,0,921
3016,0,922
3017,4,923
3018,4,923
3019,4,923
3020,5,923
3021,3,923
3022,5,923
3023,5,923
3024,3,923
3025,5,923
3026,4,924
3027,4,924
3028,4,924
3029,4,924
3030,4,924
3031,4,925
3032,4,925
3033,6,925
3034,3,925
3035,3,925
3036,4,926
3037,4,927
3038,4,927
3039,6,927
3040,3,927
3041,3,927
3042,4,927
3043,4,928
3044,5,928
3045,4,928
3046,4,928
3047,4,928
3048,4,928
3049,4,928
3050,5,929
3051,6,929
3052,3,929
3053,3,929
3054,4,929
3055,4,929
3056,4,929
3057,4,929
3058,4,929
3059,4,929
3060,4,929
3061,0,930
3062,0,931
3063,3,931
3064,4,931
3065,0,931
3066,4,931
3067,4,932
3068,6,932
3069,4,932
3070,6,933
3071,6,933
3072,4,934
3073,1,934
3074,0,934
3075,4,935
3076,4,935
3077,4,935
3078,2,935
3079,6,935
3080,0,935
3081,4,935
3082,5,935
3083,4,935
3084,3,935
3085,4,935
3086,1,935
3087,3,936
3088,4,936
3089,0,936
3090,5,936
3091,0,936
3092,0,936
3093,0,936
3094,5,936
3095,4,937
3096,4,937
3097,6,937
3098,5,937
3099,4,937
3100,4,938
3101,4,939
3102,4,939
3103,5,939
3104,5,941
3105,4,941
3106,4,942
3107,0,942
3108,4,943
3109,4,943
3110,4,944
3111,2,944
3112,3,944
3113,4,945
3114,4,947
3115,4,948
3116,4,948
3117,6,948
3118,4,948
3119,6,948
3120,4,948
3121,4,948
3122,0,949
3123,4,949
3124,5,949
3125,6,949
3126,0,949
3127,6,949
3128,3,949
3129,4,949
3130,4,949
3131,4,949
3132,4,950
3133,3,950
3134,4,950
3135,4,950
3136,5,950
3137,4,951
3138,3,951
3139,4,951
3140,4,951
3141,5,951
3142,3,952
3143,4,952
3144,3,952
3145,4,952
3146,4,952
3147,3,952
3148,5,952
3149,4,953
3150,3,953
3151,4,953
3152,4,953
3153,5,953
3154,4,954
3155,4,954
3156,3,955
3157,4,955
3158,4,955
3159,5,955
3160,4,956
3161,4,956
3162,4,957
3163,5,957
3164,6,958
3165,6,959
3166,3,959
3167,1,959
3168,1,960
3169,3,962
3170,3,963
3171,1,963
3172,0,963
3173,4,963
3174,0,963
3175,1,964
3176,0,964
3177,0,964
3178,0,965
3179,0,965
3180,3,966
3181,4,966
3182,4,967
3183,0,967
3184,6,967
3185,3,967
3186,3,967
3187,3,967
3188,6,967
3189,3,968
3190,3,968
3191,4,969
3192,3,969
3193,3,970
3194,4,970
3195,4,971
3196,4,972
3197,3,973
3198,4,974
3199,2,974
3200,2,976
3201,2,977
3202,3,978
3203,5,978
3204,5,978
3205,5,978
3206,3,978
3207,3,978
3208,3,978
3209,5,979
3210,4,979
3211,5,979
3212,4,980
3213,5,980
3214,3,980
3215,3,980
3216,3,980
3217,0,982
3218,4,982
3219,4,982
3220,4,982
3221,4,983
3222,4,983
3223,6,983
3224,6,984
3225,4,984
3226,5,985
3227,4,985
3228,6,986
3229,4,986
3230,2,986
3231,2,986
3232,5,986
3233,5,987
3234,6,987
3235,2,987
3236,4,987
3237,4,988
3238,4,988
3239,2,988
3240,2,989
3241,4,989
3242,4,990
3243,3,990
3244,4,990
3245,3,990
3246,1,990
3247,1,991
3248,4,991
3249,4,991
3250,4,991
3251,4,992
3252,4,992
3253,4,992
3254,4,992
3255,4,992
3256,4,993
3257,3,993
3258,4,993
3259,4,994
3260,4,994
3261,4,995
3262,6,995
3263,4,995
3264,4,995
3265,4,995
3266,6,996
3267,4,996
3268,4,996
3269,5,996
3270,4,997
3271,4,997
3272,4,997
3273,4,997
3274,0,997
3275,5,997
3276,3,998
3277,4,998
3278,4,998
3279,4,998
3280,0,998
3281,6,998
3282,1,998
3283,1,998
3284,3,999
3285,4,999
3286,6,999
3287,6,999
3288,4,999
3289,6,1000
3290,3,1000
3291,6,1000
3292,6,1000
3293,4,1000
3294,4,1000
3295,0,1000
3296,5,1000
3297,6,1001
3298,6,1001
3299,0,1001
3300,1,1001
3301,0,1001
3302,4,1001
3303,0,1001
3304,4,1001
3305,4,1001
3306,4,1002
3307,0,1002
3308,6,1003
3309,0,1003
3310,4,1003
3311,6,1004
3312,4,1004
3313,0,1004
3314,0,1004
3315,4,1004
3316,0,1005
3317,4,1005
3318,4,1006
3319,0,1006
3320,4,1006
3321,0,1008
3322,4,1008
3323,6,1008
3324,4,1009
3325,4,1009
3326,4,1010
3327,4,1010
3328,4,1010
3329,4,1010
3330,4,1010
3331,2,1010
3332,0,1010
3333,5,1010
3334,5,1010
3335,4,1010
3336,3,1010
3337,3,1011
3338,4,1011
3339,4,1011
3340,3,1012
3341,3,1012
3342,3,1013
3343,5,1016
3344,5,1017
3345,5,1017
3346,4,1018
3347,4,1019
3348,4,1019
3349,4,1020
3350,5,1021
3351,4,1021
3352,4,1021
3353,4,1021
3354,3,1021
3355,4,1021
3356,4,1022
3357,4,1022
3358,0,1022
3359,4,1023
3360,4,1023
3361,5,1023
3362,4,1023
3363,4,1023
3364,0,1023
3365,0,1023
3366,3,1023
3367,4,1024
3368,2,1024
3369,4,1024
3370,0,1024
3371,4,1025
3372,2,1025
3373,4,1025
3374,3,1025
3375,4,1025
3376,4,1026
3377,0,1026
3378,5,1026
3379,3,1027
3380,4,1027
3381,3,1027
3382,4,1027
3383,4,1027
3384,4,1027
3385,3,1027
3386,6,1027
3387,4,1027
3388,4,1028
3389,3,1028
3390,4,1028
3391,4,1028
3392,4,1029
3393,3,1030
3394,3,1030
3395,3,1030
3396,1,1030
3397,4,1030
3398,6,1030
3399,6,1030
3400,3,1031
3401,3,1032
3402,3,1033
3403,3,1033
3404,3,1033
3405,3,1033
3406,3,1033
3407,0,1033
3408,0,1033
3409,4,1033
3410,3,1034
3411,3,1034
3412,0,1034
3413,0,1035
3414,3,1036
3415,3,1036
3416,6,1036
3417,3,1036
3418,0,1036
3419,0,1036
3420,3,1037
3421,4,1037
3422,4,1038
3423,4,1039
3424,3,1039
3425,0,1039
3426,0,1039
3427,4,1040
3428,4,1040
3429,6,1040
3430,3,1040
3431,0,1040
3432,0,1040
3433,6,1041
3434,4,1041
3435,4,1041
3436,4,1041
3437,4,1041
3438,4,1041
3439,4,1041
3440,4,1041
3441,0,1041
3442,4,1041
3443,0,1041
3444,4,1041
3445,5,1042
3446,2,1042
3447,5,1042
3448,5,1042
3449,5,1042
3450,5,1042
3451,5,1042
3452,4,1043
3453,3,1043
3454,4,1043
3455,6,1043
3456,6,1043
3457,3,1043
3458,3,1043
3459,3,1043
3460,4,1044
3461,4,1044
3462,4,1044
3463,4,1044
3464,4,1044
3465,4,1044
3466,6,1044
3467,4,1044
3468,4,1044
3469,0,1044
3470,0,1044
3471,4,1045
3472,4,1045
3473,0,1045
3474,4,1047
3475,4,1047
3476,0,1047
3477,4,1047
3478,4,1047
3479,0,1047
3480,0,1047
3481,6,1047
3482,4,1048
3483,4,1048
3484,0,1049
3485,0,1049
3486,6,1049
3487,4,1049
3488,4,1049
3489,4,1050
3490,4,1050
3491,4,1050
3492,6,1050
3493,5,1051
3494,4,1051
3495,2,1051
3496,5,1051
3497,4,1052
3498,4,1052
3499,0,1052
3500,0,1052
3501,2,1052
3502,4,1053
3503,4,1053
3504,0,1053
3505,3,1054
3506,4,1054
3507,4,1054
3508,4,1054
3509,4,1054
3510,4,1054
3511,6,1055
3512,6,1056
3513,1,1056
3514,4,1056
3515,4,1057
3516,0,1058
3517,3,1058
3518,6,1058
3519,3,1058
3520,3,1058
3521,5,1058
3522,3,1059
3523,3,1059
3524,3,1059
3525,0,1060
3526,0,1060
3527,0,1060
3528,0,1061
3529,0,1061
3530,3,1061
3531,3,1062
3532,4,1063
3533,3,1063
3534,4,1064
3535,4,1064
3536,4,1064
3537,4,1065
3538,6,1065
3539,3,1068
3540,4,1068
3541,4,1068
3542,4,1068
3543,3,1068
3544,6,1069
3545,3,1069
3546,6,1070
3547,4,1070
3548,0,1070
3549,3,1070
3550,4,1071
3551,3,1071
3552,0,1072
3553,4,1073
3554,6,1073
3555,6,1075
3556,3,1075
3557,6,1076
3558,3,1076
3559,5,1076
3560,5,1077
3561,4,1077
3562,6,1078
3563,3,1078
3564,4,1078
3565,4,1080
3566,4,1080
3567,0,1080
3568,0,1081
3569,6,1081
3570,5,1082
3571,4,1082
3572,4,1082
3573,6,1082
3574,4,1082
3575,0,1082
3576,4,1082
3577,5,1082
3578,4,1082
3579,2,1082
3580,4,1083
3581,5,1083
3582,4,1083
3583,5,1084
3584,4,1084
3585,4,1085
3586,3,1086
3587,4,1086
3588,4,1086
3589,3,1086
3590,4,1086
3591,4,1086
3592,4,1086
3593,4,1086
3594,4,1086
3595,0,1087
3596,3,1087
3597,1,1087
3598,4,1088
3599,1,1088
3600,4,1089
3601,3,1089
3602,6,1090
3603,4,1090
3604,4,1090
3605,6,1090
3606,4,1090
3607,0,1090
3608,0,1091
3609,4,1091
3610,4,1091
3611,0,1091
3612,4,1091
3613,4,1091
3614,4,1092
3615,4,1092
3616,4,1092
3617,4,1092
3618,4,1093
3619,4,1093
3620,0,1093
3621,0,1093
3622,0,1093
3623,0,1093
3624,0,1093
3625,4,1093
3626,6,1093
3627,4,1093
3628,5,1093
3629,4,1093
3630,4,1093
3631,5,1093
3632,5,1094
3633,4,1094
3634,0,1094
3635,4,1094
3636,4,1094
3637,5,1095
3638,4,1095
3639,0,1095
3640,4,1095
3641,4,1095
3642,6,1095
3643,4,1096
3644,4,1096
3645,3,1096
3646,4,1096
3647,0,1096
3648,5,1096
3649,4,1096
3650,4,1096
3651,0,1096
3652,4,1096
3653,4,1097
3654,4,1097
3655,4,1097
3656,4,1098
3657,4,1098
3658,4,1098
3659,4,1098
3660,4,1098
3661,4,1098
3662,4,1099
3663,4,1099
3664,0,1100
3665,4,1100
3666,6,1101
3667,4,1101
3668,4,1101
3669,4,1101
3670,5,1101
3671,4,1101
3672,6,1101
3673,6,1101
3674,3,1101
3675,4,1101
3676,4,1101
3677,0,1102
3678,4,1102
3679,0,1102
3680,3,1102
3681,3,1103
3682,3,1103
3683,3,1103
3684,1,1103
3685,3,1104
3686,3,1104
3687,6,1105
3688,6,1106
3689,6,1106
3690,5,1107
3691,5,1108
3692,1,1108
3693,1,1108
3694,5,1108
3695,3,1109
3696,3,1109
3697,4,1109
3698,5,1109
3699,3,1109
3700,4,1109
3701,3,1109
3702,4,1109
3703,3,1109
3704,4,1109
3705,4,1109
3706,4,1109
3707,5,1110
3708,3,1110
3709,4,1110
3710,3,1110
3711,4,1110
3712,3,1110
3713,4,1110
3714,4,1110
3715,4,1110
3716,4,1111
3717,0,1111
3718,0,1112
3719,6,1112
3720,3,1112
3721,3,1113
3722,4,1113
3723,6,1113
3724,6,1115
3725,4,1116
3726,6,1116
3727,4,1116
3728,4,1116
3729,0,1117
3730,5,1117
3731,5,1117
3732,4,1117
3733,4,1118
3734,3,1118
3735,3,1119
3736,6,1119
3737,4,1119
3738,4,1119
3739,6,1119
3740,6,1120
3741,4,1120
3742,6,1121
3743,4,1124
3744,0,1124
3745,4,1124
3746,4,1124
3747,4,1125
3748,4,1125
3749,0,1125
3750,0,1125
3751,4,1125
3752,0,1127
3753,5,1127
3754,4,1127
3755,1,1127
3756,5,1128
3757,4,1129
3758,4,1129
3759,6,1130
3760,3,1130
3761,3,1131
3762,3,1131
3763,0,1131
3764,4,1131
3765,4,1131
3766,3,1132
3767,3,1133
3768,3,1133
3769,4,1134
3770,0,1134
3771,3,1135
3772,4,1135
3773,5,1135
3774,4,1135
3775,4,1135
3776,4,1135
3777,4,1135
3778,3,1135
3779,4,1136
3780,3,1136
3781,4,1136
3782,3,1136
3783,3,1136
3784,1,1137
3785,4,1137
3786,4,1138
3787,4,1138
3788,4,1139
3789,4,1141
3790,4,1141
3791,4,1141
3792,4,1141
3793,3,1141
3794,3,1141
3795,4,1142
3796,3,1142
3797,6,1142
3798,4,1142
3799,6,1143
3800,4,1143
3801,4,1143
3802,4,1144
3803,4,1144
3804,5,1144
3805,4,1145
3806,4,1145
3807,1,1145
3808,5,1145
3809,4,1146
3810,4,1146
3811,4,1146
3812,5,1146
3813,3,1147
3814,5,1148
3815,4,1149
3816,4,1149
3817,4,1149
3818,2,1149
3819,3,1149
3820,0,1150
3821,3,1151
3822,4,1151
3823,3,1151
3824,6,1151
3825,2,1151
3826,0,1151
3827,5,1151
3828,4,1152
3829,4,1152
3830,6,1152
3831,6,1153
3832,4,1155
3833,3,1156
3834,3,1156
3835,3,1156
3836,3,1156
3837,3,1156
3838,4,1157
3839,3,1157
3840,4,1157
3841,0,1157
3842,1,1157
3843,4,1157
3844,1,1157
3845,4,1157
3846,1,1157
3847,4,1157
3848,4,1157
3849,4,1157
3850,3,1158
3851,3,1158
3852,3,1158
3853,3,1158
3854,4,1158
3855,3,1159
3856,4,1159
3857,3,1159
3858,3,1160
3859,3,1160
3860,4,1161
3861,4,1161
3862,3,1162
3863,3,1163
3864,3,1163
3865,4,1163
3866,2,1163
3867,4,1163
3868,4,1163
3869,5,1163
3870,6,1163
3871,4,1164
3872,4,1164
3873,4,1165
3874,4,1165
3875,3,1165
3876,1,1166
3877,4,1166
3878,4,1167
3879,5,1169
3880,5,1170
3881,1,1170
3882,1,1171
3883,4,1171
3884,6,1171
3885,0,1171
3886,0,1171
3887,2,1172
3888,4,1172
3889,4,1172
3890,0,1173
3891,4,1174
3892,4,1175
3893,2,1175
3894,4,1175
3895,4,1175
3896,4,1175
3897,4,1175
3898,2,1176
3899,0,1176
3900,0,1177
3901,4,1177
3902,4,1177
3903,4,1177
3904,1,1178
3905,4,1179
3906,4,1179
3907,4,1179
3908,1,1179
3909,4,1179
3910,6,1180
3911,4,1181
3912,4,1181
3913,4,1181
3914,6,1181
3915,0,1181
3916,5,1182
3917,1,1182
3918,6,1182
3919,0,1183
3920,2,1183
3921,0,1183
3922,0,1184
3923,4,1184
3924,0,1184
3925,4,1184
3926,0,1184
3927,0,1184
3928,5,1185
3929,1,1185
3930,6,1185
3931,0,1185
3932,3,1186
3933,3,1188
3934,0,1188
3935,4,1189
3936,6,1190
3937,6,1191
3938,4,1191
3939,4,1191
3940,6,1191
3941,3,1192
3942,2,1192
3943,6,1192
3944,1,1192
3945,2,1193
3946,1,1194
3947,5,1194
3948,4,1195
3949,4,1195
3950,4,1195
3951,2,1196
3952,4,1196
3953,6,1196
3954,4,1196
3955,4,1196
3956,4,1196
3957,4,1196
3958,0,1196
3959,4,1197
3960,4,1197
3961,4,1197
3962,4,1197
3963,3,1197
3964,4,1198
3965,4,1199
3966,6,1199
3967,6,1199
3968,3,1199
3969,6,1200
3970,3,1200
3971,4,1201
3972,4,1201
3973,4,1202
3974,0,1202
3975,4,1202
3976,6,1203
3977,4,1204
3978,3,1205
3979,4,1205
3980,4,1205
3981,4,1205
3982,3,1205
3983,6,1205
3984,5,1206
3985,5,1206
3986,6,1206
3987,3,1206
3988,5,1206
3989,6,1207
3990,3,1207
3991,3,1208
3992,5,1209
3993,4,1209
3994,4,1209
3995,6,1210
3996,4,1210
3997,5,1210
3998,0,1210
3999,5,1210
4000,4,1211
4001,5,1211
4002,3,1212
4003,3,1212
4004,3,1213
4005,6,1213
4006,6,1213
4007,6,1214
4008,3,1214
4009,3,1215
4010,5,1215
4011,4,1215
4012,2,1215
4013,5,1215
4014,6,1215
4015,4,1215
4016,0,1215
4017,4,1215
4018,4,1216
4019,4,1216
4020,4,1216
4021,4,1216
4022,4,1217
4023,4,1218
4024,4,1219
4025,1,1219
4026,6,1219
4027,6,1220
4028,0,1221
4029,0,1221
4030,0,1221
4031,0,1222
4032,0,1222
4033,4,1222
4034,0,1222
4035,3,1224
4036,3,1225
4037,6,1225
4038,6,1226
4039,1,1226
4040,5,1227
4041,5,1227
4042,5,1227
4043,5,1227
4044,5,1228
4045,3,1228
4046,3,1229
4047,4,1229
4048,5,1230
4049,5,1230
4050,5,1230
4051,4,1230
4052,0,1231
4053,4,1231
4054,5,1231
4055,0,1231
4056,0,1232
4057,5,1232
4058,0,1232
4059,4,1233
4060,4,1233
4061,4,1233
4062,0,1233
4063,0,1233
4064,4,1234
4065,4,1234
4066,4,1235
4067,4,1235
4068,5,1235
4069,0,1236
4070,4,1236
4071,4,1237
4072,4,1237
4073,0,1237
4074,2,1237
4075,4,1237
4076,0,1238
4077,4,1238
4078,4,1239
4079,0,1239
4080,0,1241
4081,6,1242
4082,4,1242
4083,4,1242
4084,3,1242
4085,4,1242
4086,4,1242
4087,4,1242
4088,3,1243
4089,0,1243
4090,4,1243
4091,6,1244
4092,4,1244
4093,0,1245
4094,0,1245
4095,3,1245
4096,4,1245
4097,3,1245
4098,0,1246
4099,3,1246
4100,3,1247
4101,3,1247
4102,3,1248
4103,0,1248
4104,4,1248
4105,0,1249
4106,4,1249
4107,6,1249
4108,3,1253
4109,3,1254
4110,3,1254
4111,3,1255
4112,3,1255
4113,3,1255
4114,6,1255
4115,4,1256
4116,4,1256
4117,3,1256
4118,6,1258
4119,3,1258
4120,6,1259
4121,3,1260
4122,3,1260
4123,3,1261
4124,6,1261
4125,4,1261
4126,4,1261
4127,6,1262
4128,6,1262
4129,4,1262
4130,4,1262
4131,4,1262
4132,2,1262
4133,4,1262
4134,4,1262
4135,4,1263
4136,0,1263
4137,0,1264
4138,4,1264
4139,4,1265
4140,3,1265
4141,3,1265
4142,2,1265
4143,6,1266
4144,4,1266
4145,6,1266
4146,3,1266
4147,6,1266
4148,4,1266
4149,4,1266
4150,6,1266
4151,4,1267
4152,4,1267
4153,6,1267
4154,4,1269
4155,6,1269
4156,0,1271
4157,4,1271
4158,6,1271
4159,4,1271
4160,4,1271
4161,3,1271
4162,0,1272
4163,4,1272
4164,4,1272
4165,6,1272
4166,4,1272
4167,4,1272
4168,3,1272
4169,6,1274
4170,4,1274
4171,4,1274
4172,2,1274
4173,3,1274
4174,4,1274
4175,2,1275
4176,3,1275
4177,4,1275
4178,4,1275
4179,3,1276
4180,4,1276
4181,3,1276
4182,3,1276
4183,3,1276
4184,4,1277
4185,4,1279
4186,4,1279
4187,4,1280
4188,4,1280
4189,4,1280
4190,4,1280
4191,3,1280
4192,4,1280
4193,4,1281
4194,3,1281
4195,4,1281
4196,2,1282
4197,4,1282
4198,2,1282
4199,0,1282
4200,4,1282
4201,4,1283
4202,4,1283
4203,4,1284
4204,4,1284
4205,4,1284
4206,4,1284
4207,0,1284
4208,0,1284
4209,4,1285
4210,4,1285
4211,1,1285
4212,3,1285
4213,4,1286
4214,4,1286
4215,3,1286
4216,3,1286
4217,3,1286
4218,4,1287
4219,3,1287
4220,3,1287
4221,3,1287
4222,3,1287
4223,5,1287
4224,4,1288
4225,4,1288
4226,0,1288
4227,0,1288
4228,0,1288
4229,1,1288
4230,0,1288
4231,4,1289
4232,0,1289
4233,0,1290
4234,0,1291
4235,0,1291
4236,0,1291
4237,1,1291
4238,0,1291
4239,0,1292
4240,0,1292
4241,0,1292
4242,1,1292
4243,0,1292
4244,0,1293
4245,0,1293
4246,0,1293
4247,1,1293
4248,0,1293
4249,4,1294
4250,4,1294
4251,4,1295
4252,4,1295
4253,4,1295
4254,4,1296
4255,3,1296
4256,3,1297
4257,4,1297
4258,0,1297
4259,5,1298
4260,4,1298
4261,4,1300
4262,4,1300
4263,1,1300
4264,4,1300
4265,0,1300
4266,0,1300
4267,4,1300
4268,1,1301
4269,4,1301
4270,0,1301
4271,0,1301
4272,4,1301
4273,4,1301
4274,3,1302
4275,3,1302
4276,4,1303
4277,4,1303
4278,4,1303
4279,4,1303
4280,4,1303
4281,5,1303
4282,1,1303
4283,0,1304
4284,4,1304
4285,4,1304
4286,6,1304
4287,6,1305
4288,4,1305
4289,5,1305
4290,4,1305
4291,4,1305
4292,4,1305
4293,4,1305
4294,4,1305
4295,4,1305
4296,3,1305
4297,4,1305
4298,0,1306
4299,0,1306
4300,3,1306
4301,3,1306
4302,3,1306
4303,6,1306
4304,3,1306
4305,4,1306
4306,6,1306
4307,3,1307
4308,3,1307
4309,3,1307
4310,6,1307
4311,6,1307
4312,6,1307
4313,3,1307
4314,3,1307
4315,0,1308
4316,0,1308
4317,4,1309
4318,4,1309
4319,3,1309
4320,4,1309
4321,4,1309
4322,4,1309
4323,4,1309
4324,4,1309
4325,0,1309
4326,4,1309
4327,0,1309
4328,4,1309
4329,4,1309
4330,4,1309
4331,4,1309
4332,4,1309
4333,4,1309
4334,4,1310
4335,6,1310
4336,4,1310
4337,4,1310
4338,6,1310
4339,3,1312
4340,0,1312
4341,4,1313
4342,1,1313
4343,4,1313
4344,4,1313
4345,4,1313
4346,4,1313
4347,4,1314
4348,4,1314
4349,4,1314
4350,6,1314
4351,4,1314
4352,4,1314
4353,4,1314
4354,4,1315
4355,6,1315
4356,4,1315
4357,4,1315
4358,4,1315
4359,4,1315
4360,4,1316
4361,3,1316
4362,3,1317
4363,3,1317
4364,3,1317
4365,3,1318
4366,3,1319
4367,3,1319
4368,4,1319
4369,4,1319
4370,4,1320
4371,4,1320
4372,6,1320
4373,4,1320
4374,3,1321
4375,6,1321
4376,4,1321
4377,3,1321
4378,4,1321
4379,6,1321
4380,6,1322
4381,4,1322
4382,4,1322
4383,4,1322
4384,6,1323
4385,2,1323
4386,5,1323
4387,4,1323
4388,5,1323
4389,5,1323
4390,4,1324
4391,6,1324
4392,6,1325
4393,3,1325
4394,3,1326
4395,2,1327
4396,4,1327
4397,0,1328
4398,0,1328
4399,0,1328
4400,4,1328
4401,5,1328
4402,4,1328
4403,0,1329
4404,0,1329
4405,5,1329
4406,4,1329
4407,4,1329
4408,6,1330
4409,4,1330
4410,6,1330
4411,4,1330
4412,4,1331
4413,4,1331
4414,4,1331
4415,4,1331
4416,3,1332
4417,4,1332
4418,4,1332
4419,3,1332
4420,4,1332
4421,3,1333
4422,0,1333
4423,0,1333
4424,0,1333
4425,0,1333
4426,4,1333
4427,4,1333
4428,3,1334
4429,5,1334
4430,4,1334
4431,4,1334
4432,5,1334
4433,5,1335
4434,3,1335
4435,4,1335
4436,4,1336
4437,4,1336
4438,4,1337
4439,3,1337
4440,4,1337
4441,4,1337
4442,4,1337
4443,4,1337
4444,6,1337
4445,4,1338
4446,4,1338
4447,4,1338
4448,4,1339
4449,4,1340
4450,4,1340
4451,4,1340
4452,6,1340
4453,6,1340
4454,3,1341
4455,4,1341
4456,4,1342
4457,3,1342
4458,3,1342
4459,3,1342
4460,3,1342
4461,4,1342
4462,3,1342
4463,4,1342
4464,4,1343
4465,3,1343
4466,4,1344
4467,3,1344
4468,3,1344
4469,4,1344
4470,4,1345
4471,2,1345
4472,4,1346
4473,4,1346
4474,4,1349
4475,4,1349
4476,6,1350
4477,4,1350
4478,4,1350
4479,4,1350
4480,3,1350
4481,6,1350
4482,4,1351
4483,4,1351
4484,4,1351
4485,3,1351
4486,0,1351
4487,3,1351
4488,0,1351
4489,4,1351
4490,6,1352
4491,0,1352
4492,4,1353
4493,4,1353
4494,4,1353
4495,5,1353
4496,5,1353
4497,4,1353
4498,4,1353
4499,4,1354
4500,6,1356
4501,4,1356
4502,4,1357
4503,3,1357
4504,3,1357
4505,4,1357
4506,4,1357
4507,4,1357
4508,4,1357
4509,4,1357
4510,3,1358
4511,4,1358
4512,3,1358
4513,4,1359
4514,4,1359
4515,4,1359
4516,4,1359
4517,4,1359
4518,0,1360
4519,0,1360
4520,4,1360
4521,6,1360
4522,6,1361
4523,3,1361
4524,4,1361
4525,4,1361
4526,3,1361
4527,4,1361
4528,4,1361
4529,4,1361
4530,4,1361
4531,4,1361
4532,4,1361
4533,3,1361
4534,4,1361
4535,4,1361
4536,0,1361
4537,0,1362
4538,4,1362
4539,1,1362
4540,4,1362
4541,3,1362
4542,4,1363
4543,3,1363
4544,4,1363
4545,1,1363
4546,6,1364
4547,6,1364
4548,4,1364
4549,4,1365
4550,4,1366
4551,6,1368
4552,1,1369
4553,1,1369
4554,1,1370
4555,3,1370
4556,3,1370
4557,3,1370
4558,2,1370
4559,5,1371
4560,3,1371
4561,3,1371
4562,4,1371
4563,4,1371
4564,3,1372
4565,2,1372
4566,4,1372
4567,4,1373
4568,4,1373
4569,4,1374
4570,4,1375
4571,3,1375
4572,4,1375
4573,2,1376
4574,5,1376
4575,4,1377
4576,5,1377
4577,3,1377
4578,4,1377
4579,3,1377
4580,3,1377
4581,3,1377
4582,3,1377
4583,3,1378
4584,4,1378
4585,3,1378
4586,4,1378
4587,6,1378
4588,3,1378
4589,4,1378
4590,5,1378
4591,4,1379
4592,3,1379
4593,3,1379
4594,3,1379
4595,4,1379
4596,4,1379
4597,3,1380
4598,5,1380
4599,3,1380
4600,3,1381
4601,4,1381
4602,4,1381
4603,4,1382
4604,3,1382
4605,2,1382
4606,4,1382
4607,1,1382
4608,6,1382
4609,4,1383
4610,3,1383
4611,2,1383
4612,4,1383
4613,4,1383
4614,4,1384
4615,6,1384
4616,6,1385
4617,0,1385
4618,4,1386
4619,3,1386
4620,2,1386
4621,4,1386
4622,0,1386
4623,4,1386
4624,4,1386
4625,4,1386
4626,1,1386
4627,4,1387
4628,3,1387
4629,2,1387
4630,4,1387
4631,4,1387
4632,4,1387
4633,6,1388
4634,4,1388
4635,4,1389
4636,4,1389
4637,4,1390
4638,4,1390
4639,5,1390
4640,4,1390
4641,4,1390
4642,3,1390
4643,4,1390
4644,4,1390
4645,3,1390
4646,4,1391
4647,4,1391
4648,4,1392
4649,5,1392
4650,5,1393
4651,4,1393
4652,5,1393
4653,4,1393
4654,3,1393
4655,4,1393
4656,4,1393
4657,3,1393
4658,4,1394
4659,5,1394
4660,4,1394
4661,4,1394
4662,4,1394
4663,3,1394
4664,4,1394
4665,4,1394
4666,3,1394
4667,4,1395
4668,4,1395
4669,0,1395
4670,5,1395
4671,5,1395
4672,3,1395
4673,5,1395
4674,0,1396
4675,4,1396
4676,4,1396
4677,0,1396
4678,0,1396
4679,5,1396
4680,4,1397
4681,4,1397
4682,4,1397
4683,5,1397
4684,4,1398
4685,4,1398
4686,4,1400
4687,4,1400
4688,5,1401
4689,5,1402
4690,5,1402
4691,5,1402
4692,0,1402
4693,4,1402
4694,0,1403
4695,4,1403
4696,4,1403
4697,4,1403
4698,4,1404
4699,3,1404
4700,4,1404
4701,4,1404
4702,4,1404
4703,6,1404
4704,6,1404
4705,3,1405
4706,4,1405
4707,6,1405
4708,4,1405
4709,4,1405
4710,4,1405
4711,6,1405
4712,0,1405
4713,4,1406
4714,4,1406
4715,4,1407
4716,4,1407
4717,4,1407
4718,4,1407
4719,4,1407
4720,4,1408
4721,4,1408
4722,4,1408
4723,4,1408
4724,6,1409
4725,0,1409
4726,4,1409
4727,6,1410
4728,1,1410
4729,0,1410
4730,2,1411
4731,0,1411
4732,6,1411
4733,4,1412
4734,4,1412
4735,4,1413
4736,5,1414
4737,4,1414
4738,3,1414
4739,4,1414
4740,4,1415
4741,3,1416
4742,4,1416
4743,3,1417
4744,0,1417
4745,5,1417
4746,4,1417
4747,0,1417
4748,0,1417
4749,4,1417
4750,3,1417
4751,4,1418
4752,4,1418
4753,4,1418
4754,4,1418
4755,6,1418
4756,3,1418
4757,4,1418
4758,4,1418
4759,4,1418
4760,0,1418
4761,6,1419
4762,4,1419
4763,3,1419
4764,3,1419
4765,4,1419
4766,0,1419
4767,0,1419
4768,3,1419
4769,4,1420
4770,4,1420
4771,4,1420
4772,4,1420
4773,6,1420
4774,4,1420
4775,4,1420
4776,4,1420
4777,4,1420
4778,4,1420
4779,2,1420
4780,4,1421
4781,4,1421
4782,4,1422
4783,4,1422
4784,4,1422
4785,4,1423
4786,4,1423
4787,4,1423
4788,4,1424
4789,4,1424
4790,4,1424
4791,4,1425
4792,4,1425
4793,4,1426
4794,4,1426
4795,4,1426
4796,5,1427
4797,5,1427
4798,6,1427
4799,5,1427
4800,0,1427
4801,0,1427
4802,6,1428
4803,3,1428
4804,3,1429
4805,4,1429
4806,3,1431
4807,4,1431
4808,4,1431
4809,4,1431
4810,4,1432
4811,3,1432
4812,3,1432
4813,4,1432
4814,4,1432
4815,4,1434
4816,4,1434
4817,4,1435
4818,3,1435
4819,4,1436
4820,4,1436
4821,4,1437
4822,3,1438
4823,3,1438
4824,6,1438
4825,6,1438
4826,6,1438
4827,3,1438
4828,6,1439
4829,6,1439
4830,2,1439
4831,0,1439
4832,0,1439
4833,3,1440
4834,3,1440
4835,2,1440
4836,0,1440
4837,0,1440
4838,3,1441
4839,4,1441
4840,2,1441
4841,0,1441
4842,0,1441
4843,2,1442
4844,0,1442
4845,0,1442
4846,0,1442
4847,0,1443
4848,3,1444
4849,6,1444
4850,3,1444
4851,4,1444
4852,3,1444
4853,4,1444
4854,4,1444
4855,3,1445
4856,4,1445
4857,5,1445
4858,3,1445
4859,4,1445
4860,4,1445
4861,5,1446
4862,4,1446
4863,4,1446
4864,4,1447
4865,5,1448
4866,5,1449
4867,1,1449
4868,1,1450
4869,5,1450
4870,5,1451
4871,4,1451
4872,4,1451
4873,4,1451
4874,4,1451
4875,4,1452
4876,3,1453
4877,3,1454
4878,4,1454
4879,4,1455
4880,3,1455
4881,5,1456
4882,4,1456
4883,4,1456
4884,4,1456
4885,5,1457
4886,4,1457
4887,4,1457
4888,4,1457
4889,4,1457
4890,4,1458
4891,5,1459
4892,4,1459
4893,4,1459
4894,4,1459
4895,4,1459
4896,5,1460
4897,4,1460
4898,4,1460
4899,4,1460
4900,4,1460
4901,4,1460
4902,4,1461
4903,4,1461
4904,4,1461
4905,4,1462
4906,4,1463
4907,1,1463
4908,0,1463
4909,3,1463
4910,4,1463
4911,4,1464
4912,6,1464
4913,4,1465
4914,4,1465
4915,4,1465
4916,4,1466
4917,6,1466
4918,3,1466
4919,3,1466
4920,3,1466
4921,4,1467
4922,6,1467
4923,4,1467
4924,3,1468
4925,3,1469
4926,6,1469
4927,5,1471
4928,4,1471
4929,4,1472
4930,0,1472
4931,0,1472
4932,0,1472
4933,0,1472
4934,3,1473
4935,4,1473
4936,5,1473
4937,2,1474
4938,4,1475
4939,4,1475
4940,0,1475
4941,0,1475
4942,3,1476
4943,3,1476
4944,3,1476
4945,3,1477
4946,6,1477
4947,6,1478
4948,6,1478
4949,6,1479
4950,6,1479
4951,0,1480
4952,4,1480
4953,5,1480
4954,0,1481
4955,0,1481
4956,1,1481
4957,0,1482
4958,1,1483
4959,1,1483
4960,0,1483
4961,4,1484
4962,5,1484
4963,4,1484
4964,0,1484
4965,4,1484
4966,4,1485
4967,5,1486
4968,4,1486
4969,4,1487
4970,4,1490
4971,4,1491
4972,0,1491
4973,0,1491
4974,0,1491
4975,0,1491
4976,4,1492
4977,3,1492
4978,3,1492
4979,3,1492
4980,3,1492
4981,3,1492
4982,3,1493
4983,3,1493
4984,3,1493
4985,3,1493
4986,3,1493
4987,4,1493
4988,3,1494
4989,4,1494
4990,3,1494
4991,3,1494
4992,3,1494
4993,3,1494
4994,4,1495
4995,0,1495
4996,0,1495
4997,0,1495
4998,0,1495
4999,4,1495
5000,3,1496
5001,3,1496
5002,3,1497
5003,3,1497
5004,2,1497
5005,4,1497
5006,3,1497
5007,3,1497
5008,2,1498
5009,4,1498
5010,6,1498
5011,3,1498
5012,4,1499
5013,4,1500
5014,6,1500
5015,6,1501
5016,4,1502
5017,3,1502
5018,0,1502
5019,0,1502
5020,0,1502
5021,0,1503
5022,0,1503
5023,0,1503
5024,4,1504
5025,0,1504
5026,4,1505
5027,6,1505
5028,6,1505
5029,4,1505
5030,6,1505
5031,4,1505
5032,0,1505
5033,4,1505
5034,4,1505
5035,0,1505
5036,4,1506
5037,4,1506
5038,3,1506
5039,4,1506
5040,4,1506
5041,4,1508
5042,4,1509
5043,4,1509
5044,4,1510
5045,4,1510
5046,4,1510
5047,4,1510
5048,0,1510
5049,4,1510
5050,4,1510
5051,4,1512
5052,0,1512
5053,3,1512
5054,3,1512
5055,5,1512
5056,5,1512
5057,4,1512
5058,0,1512
5059,6,1512
5060,3,1513
5061,3,1514
5062,3,1515
5063,4,1515
5064,6,1515
5065,3,1516
5066,6,1516
5067,2,1516
5068,4,1517
5069,4,1517
5070,4,1517
5071,3,1518
5072,3,1518
5073,4,1518
5074,3,1518
5075,5,1519
5076,4,1519
5077,3,1519
5078,6,1519
5079,4,1519
5080,3,1519
5081,3,1520
5082,4,1520
5083,4,1520
5084,4,1520
5085,4,1521
5086,4,1521
5087,4,1522
5088,4,1522
5089,4,1522
5090,4,1523
5091,4,1523
5092,4,1524
5093,4,1524
5094,0,1525
5095,4,1525
5096,0,1525
5097,4,1525
5098,4,1525
5099,4,1525
5100,4,1525
5101,0,1526
5102,4,1526
5103,4,1526
5104,4,1526
5105,4,1526
5106,6,1526
5107,6,1527
5108,6,1527
5109,3,1528
5110,4,1529
5111,4,1529
5112,4,1529
5113,4,1529
5114,4,1529
5115,3,1529
5116,6,1529
5117,4,1529
5118,6,1529
5119,4,1529
5120,4,1530
5121,6,1530
5122,4,1531
5123,4,1531
5124,4,1531
5125,4,1531
5126,3,1531
5127,4,1532
5128,4,1532
5129,3,1533
5130,3,1533
5131,3,1534
5132,2,1535
5133,4,1535
5134,4,1535
5135,4,1536
5136,4,1536
5137,4,1536
5138,4,1536
5139,4,1536
5140,4,1536
5141,4,1536
5142,4,1536
5143,3,1537
5144,5,1537
5145,4,1537
5146,4,1537
5147,2,1537
5148,3,1537
5149,4,1538
5150,4,1538
5151,4,1538
5152,4,1538
5153,5,1539
5154,4,1539
5155,6,1539
5156,0,1539
5157,3,1539
5158,4,1540
5159,6,1540
5160,6,1540
5161,3,1540
5162,6,1540
5163,6,1541
5164,0,1541
5165,4,1542
5166,3,1542
5167,3,1542
5168,4,1542
5169,5,1543
5170,0,1543
5171,0,1543
5172,6,1543
5173,3,1543
5174,5,1543
5175,4,1543
5176,4,1543
5177,3,1543
5178,3,1544
5179,3,1544
5180,3,1545
5181,6,1545
5182,0,1546
5183,2,1546
5184,4,1546
5185,3,1546
5186,2,1548
5187,4,1549
5188,4,1549
5189,4,1549
5190,4,1549
5191,4,1549
5192,1,1549
5193,5,1550
5194,4,1550
5195,4,1551
5196,4,1551
5197,4,1552
5198,0,1552
5199,4,1552
5200,0,1552
5201,0,1553
5202,4,1553
5203,0,1553
5204,0,1554
5205,0,1554
5206,0,1555
5207,4,1555
5208,0,1555
5209,0,1555
5210,4,1556
5211,6,1556
5212,5,1556
5213,0,1556
5214,0,1556
5215,5,1557
5216,3,1557
5217,4,1557
5218,4,1557
5219,0,1558
5220,0,1558
5221,5,1558
5222,5,1558
5223,3,1558
5224,4,1558
5225,4,1558
5226,3,1559
5227,3,1559
5228,3,1559
5229,4,1559
5230,3,1559
5231,4,1560
5232,3,1561
5233,3,1561
5234,3,1561
5235,3,1562
5236,3,1562
5237,4,1563
5238,3,1563
5239,5,1564
5240,4,1564
5241,4,1564
5242,4,1565
5243,4,1565
5244,4,1566
5245,0,1566
5246,0,1566
5247,0,1566
5248,3,1567
5249,4,1567
5250,4,1568
5251,4,1568
5252,5,1568
5253,4,1568
5254,6,1569
5255,4,1569
5256,4,1569
5257,4,1569
5258,4,1569
5259,4,1569
5260,4,1569
5261,0,1570
5262,0,1571
5263,6,1572
5264,4,1572
5265,0,1572
5266,0,1572
5267,1,1572
5268,1,1572
5269,5,1572
5270,3,1573
5271,0,1573
5272,2,1573
5273,6,1573
5274,3,1574
5275,3,1575
5276,0,1575
5277,0,1575
5278,0,1575
5279,0,1575
5280,4,1575
5281,0,1576
5282,0,1576
5283,0,1576
5284,4,1576
5285,4,1577
5286,3,1577
5287,4,1577
5288,4,1577
5289,5,1578
5290,4,1578
5291,4,1578
5292,5,1578
5293,0,1578
5294,3,1578
5295,4,1580
5296,3,1580
5297,4,1580
5298,3,1581
5299,3,1583
5300,4,1583
5301,4,1583
5302,4,1583
5303,5,1584
5304,0,1584
5305,3,1584
5306,4,1584
5307,3,1585
5308,3,1585
5309,5,1586
5310,2,1586
5311,2,1587
5312,0,1588
5313,4,1588
5314,4,1588
5315,0,1588
5316,0,1588
5317,1,1588
5318,0,1588
5319,0,1588
5320,0,1588
5321,0,1588
5322,0,1588
5323,0,1588
5324,5,1588
5325,2,1588
5326,4,1589
5327,4,1589
5328,4,1589
5329,4,1590
5330,4,1590
5331,0,1590
5332,6,1590
5333,4,1591
5334,0,1591
5335,6,1591
5336,4,1592
5337,0,1592
5338,0,1593
5339,3,1593
5340,4,1593
5341,4,1593
5342,3,1594
5343,4,1595
5344,4,1595
5345,4,1596
5346,1,1596
5347,1,1597
5348,5,1598
5349,5,1598
5350,2,1598
5351,4,1598
5352,3,1598
5353,4,1598
5354,4,1598
5355,4,1598
5356,4,1599
5357,4,1600
5358,4,1601
5359,3,1601
5360,4,1602
5361,3,1602
5362,4,1603
5363,6,1603
5364,6,1604
5365,3,1604
5366,3,1605
5367,4,1607
5368,3,1607
5369,4,1609
5370,4,1609
5371,3,1610
5372,4,1610
5373,4,1610
5374,4,1611
5375,3,1611
5376,4,1612
5377,4,1612
5378,4,1612
5379,4,1612
5380,4,1612
5381,3,1612
5382,3,1612
5383,4,1613
5384,4,1613
5385,4,1613
5386,3,1613
5387,4,1613
5388,4,1614
5389,3,1614
5390,6,1615
5391,0,1615
5392,4,1615
5393,4,1615
5394,6,1615
5395,4,1616
5396,5,1616
5397,5,1616
5398,5,1617
5399,4,1618
5400,3,1620
5401,2,1620
5402,2,1620
5403,3,1620
5404,2,1620
5405,4,1621
5406,3,1621
5407,3,1621
5408,3,1621
5409,3,1621
5410,3,1621
5411,4,1621
5412,4,1622
5413,5,1622
5414,0,1623
5415,4,1624
5416,0,1625
5417,0,1625
5418,4,1626
5419,4,1626
5420,4,1626
5421,4,1626
5422,4,1626
5423,4,1626
5424,2,1627
5425,3,1627
5426,4,1627
5427,4,1627
5428,3,1628
5429,3,1628
5430,3,1628
5431,2,1628
5432,2,1628
5433,2,1628
5434,3,1628
5435,6,1628
5436,3,1629
5437,3,1629
5438,5,1629
5439,4,1629
5440,3,1629
5441,4,1629
5442,3,1630
5443,4,1630
5444,3,1630
5445,4,1631
5446,4,1631
5447,4,1631
5448,3,1631
5449,4,1631
5450,4,1631
5451,5,1631
5452,4,1631
5453,3,1631
5454,4,1631
5455,6,1631
5456,3,1631
5457,3,1631
5458,4,1632
5459,3,1632
5460,3,1632
5461,6,1632
5462,4,1632
5463,0,1632
5464,4,1632
5465,6,1632
5466,6,1633
5467,6,1633
5468,5,1633
5469,5,1633
5470,6,1634
5471,0,1634
5472,5,1634
5473,5,1634
5474,5,1634
5475,3,1635
5476,3,1636
5477,3,1636
5478,3,1636
5479,0,1636
5480,3,1636
5481,3,1637
5482,3,1637
5483,3,1637
5484,0,1637
5485,3,1637
5486,3,1638
5487,3,1639
5488,3,1639
5489,3,1640
5490,3,1640
5491,3,1640
5492,0,1640
5493,3,1640
5494,3,1640
5495,0,1641
5496,0,1641
5497,0,1641
5498,5,1641
5499,0,1641
5500,0,1642
5501,0,1642
5502,4,1643
5503,4,1643
5504,4,1643
5505,0,1643
5506,5,1644
5507,4,1644
5508,4,1644
5509,2,1644
5510,4,1644
5511,3,1644
5512,2,1644
5513,4,1644
5514,3,1644
5515,3,1644
5516,3,1644
5517,5,1644
5518,4,1645
5519,4,1645
5520,4,1645
5521,3,1645
5522,4,1645
5523,5,1645
5524,5,1645
5525,5,1645
5526,1,1646
5527,2,1648
5528,2,1648
5529,4,1648
5530,4,1648
5531,4,1648
5532,4,1649
5533,2,1650
5534,2,1650
5535,4,1652
5536,4,1652
5537,4,1652
5538,4,1652
5539,0,1652
5540,0,1652
5541,3,1653
5542,3,1653
5543,4,1653
5544,0,1654
5545,5,1654
5546,5,1655
5547,6,1655
5548,3,1655
5549,3,1655
5550,3,1655
5551,6,1656
5552,3,1656
5553,3,1656
5554,3,1656
5555,0,1656
5556,2,1657
5557,3,1657
5558,0,1657
5559,5,1657
5560,0,1657
5561,1,1657
5562,0,1657
5563,0,1657
5564,4,1658
5565,3,1658
5566,6,1658
5567,3,1658
5568,0,1658
5569,6,1659
5570,3,1659
5571,3,1659
5572,5,1659
5573,4,1659
5574,2,1659
5575,4,1659
5576,3,1659
5577,4,1660
5578,5,1660
5579,6,1660
5580,3,1660
5581,2,1660
5582,4,1660
5583,3,1660
5584,6,1661
5585,4,1661
5586,1,1663
5587,4,1663
5588,4,1663
5589,4,1663
5590,3,1663
5591,3,1664
5592,4,1664
5593,4,1664
5594,3,1664
5595,4,1664
5596,2,1664
5597,3,1665
5598,5,1665
5599,6,1666
5600,4,1666
5601,4,1667
5602,3,1667
5603,3,1667
5604,5,1667
5605,4,1667
5606,6,1667
5607,3,1668
5608,4,1668
5609,4,1669
5610,4,1669
5611,4,1670
5612,4,1670
5613,6,1670
5614,4,1670
5615,3,1670
5616,2,1670
5617,3,1673
5618,3,1673
5619,4,1673
5620,4,1673
5621,3,1673
5622,3,1673
5623,4,1673
5624,4,1674
5625,4,1675
5626,6,1675
5627,0,1675
5628,4,1675
5629,4,1675
5630,4,1675
5631,4,1677
5632,4,1677
5633,3,1678
5634,4,1679
5635,4,1679
5636,4,1679
5637,5,1680
5638,5,1680
5639,5,1680
5640,4,1680
5641,3,1681
5642,4,1681
5643,4,1682
5644,4,1682
5645,0,1682
5646,4,1682
5647,4,1683
5648,1,1683
5649,3,1683
5650,4,1683
5651,4,1683
5652,5,1683
5653,4,1683
5654,4,1684
5655,4,1685
5656,4,1686
5657,0,1686
5658,4,1686
5659,4,1686
5660,1,1686
5661,4,1686
5662,4,1686
5663,3,1686
5664,3,1687
5665,6,1687
5666,3,1687
5667,4,1687
5668,3,1687
5669,4,1687
5670,6,1687
5671,6,1687
5672,3,1687
5673,3,1687
5674,3,1688
5675,4,1688
5676,3,1688
5677,4,1688
5678,6,1688
5679,6,1688
5680,3,1688
5681,3,1689
5682,6,1689
5683,4,1689
5684,4,1689
5685,4,1689
5686,4,1689
5687,3,1689
5688,6,1689
5689,4,1690
5690,4,1690
5691,3,1690
5692,6,1690
5693,4,1691
5694,4,1691
5695,3,1691
5696,4,1691
5697,4,1691
5698,3,1693
5699,3,1693
5700,6,1693
5701,6,1693
5702,3,1694
5703,4,1694
5704,1,1694
5705,3,1694
5706,6,1695
5707,1,1695
5708,4,1696
5709,4,1697
5710,4,1698
5711,6,1698
5712,3,1699
5713,3,1699
5714,3,1703
5715,4,1704
5716,4,1704
5717,4,1704
5718,2,1704
5719,4,1704
5720,3,1704
5721,3,1704
5722,2,1704
5723,3,1704
5724,0,1705
5725,3,1705
5726,1,1705
5727,0,1705
5728,0,1705
5729,0,1705
5730,0,1706
5731,0,1706
5732,4,1706
5733,0,1706
5734,1,1707
5735,4,1707
5736,0,1707
5737,0,1708
5738,3,1708
5739,0,1709
5740,0,1709
5741,0,1709
5742,0,1709
5743,5,1709
5744,4,1710
5745,6,1710
5746,4,1710
5747,3,1710
5748,4,1710
5749,3,1710
5750,4,1711
5751,4,1711
5752,6,1711
5753,3,1711
5754,5,1711
5755,4,1711
5756,3,1711
5757,0,1711
5758,6,1712
5759,0,1713
5760,3,1713
5761,0,1714
5762,0,1714
5763,4,1714
5764,6,1715
5765,4,1715
5766,4,1715
5767,3,1715
5768,4,1716
5769,4,1716
5770,4,1716
5771,4,1716
5772,4,1716
5773,4,1716
5774,4,1716
5775,4,1716
5776,5,1717
5777,4,1717
5778,4,1717
5779,0,1717
5780,0,1717
5781,4,1717
5782,4,1718
5783,0,1718
5784,4,1718
5785,4,1719
5786,6,1719
5787,6,1719
5788,4,1719
5789,6,1719
5790,0,1719
5791,0,1720
5792,0,1722
5793,4,1722
5794,3,1722
5795,4,1722
5796,4,1722
5797,0,1722
5798,4,1723
5799,4,1723
5800,4,1723
5801,2,1723
5802,3,1723
5803,4,1723
5804,4,1723
5805,6,1723
5806,4,1723
5807,6,1723
5808,4,1723
5809,5,1723
5810,2,1724
5811,4,1724
5812,0,1724
5813,0,1724
5814,5,1724
5815,5,1724
5816,4,1724
5817,0,1724
5818,0,1725
5819,0,1725
5820,4,1726
5821,5,1726
5822,4,1726
5823,3,1726
5824,4,1727
5825,4,1727
5826,4,1727
5827,4,1727
5828,5,1727
5829,5,1727
5830,5,1727
5831,3,1727
5832,6,1728
5833,5,1728
5834,0,1728
5835,4,1728
5836,4,1728
5837,5,1728
5838,5,1729
5839,0,1729
5840,4,1729
5841,4,1729
5842,5,1729
5843,4,1729
5844,4,1729
5845,4,1729
5846,4,1729
5847,4,1730
5848,0,1730
5849,5,1730
5850,4,1730
5851,4,1730
5852,4,1730
5853,0,1731
5854,5,1732
5855,4,1732
5856,4,1732
5857,4,1732
5858,4,1733
5859,4,1733
5860,4,1733
5861,5,1733
5862,2,1733
5863,4,1733
5864,4,1733
5865,4,1734
5866,4,1734
5867,4,1734
5868,5,1734
5869,2,1734
5870,4,1734
5871,3,1734
5872,0,1734
5873,3,1735
5874,0,1735
5875,4,1736
5876,4,1736
5877,4,1736
5878,5,1736
5879,2,1736
5880,4,1736
5881,0,1736
5882,0,1737
5883,4,1737
5884,4,1738
5885,4,1738
5886,4,1738
5887,5,1738
5888,2,1738
5889,4,1738
5890,4,1739
5891,4,1739
5892,4,1739
5893,5,1739
5894,2,1739
5895,4,1739
5896,4,1739
5897,2,1739
5898,4,1740
5899,3,1740
5900,3,1740
5901,3,1740
5902,2,1740
5903,4,1740
5904,3,1740
5905,3,1740
5906,4,1741
5907,4,1741
5908,4,1741
5909,4,1741
5910,3,1742
5911,3,1742
5912,4,1743
5913,4,1743
5914,4,1743
5915,5,1743
5916,4,1743
5917,6,1743
5918,3,1744
5919,3,1744
5920,3,1744
5921,3,1744
5922,3,1744
5923,1,1744
5924,4,1744
5925,4,1744
5926,3,1745
5927,4,1745
5928,3,1745
5929,3,1745
5930,3,1746
5931,4,1746
5932,4,1746
5933,3,1746
5934,4,1747
5935,3,1747
5936,4,1747
5937,4,1747
5938,3,1747
5939,4,1747
5940,4,1747
5941,3,1747
5942,4,1747
5943,4,1747
5944,4,1748
5945,0,1748
5946,5,1748
5947,0,1748
5948,5,1748
5949,3,1748
5950,0,1748
5951,0,1748
5952,0,1748
5953,3,1748
5954,0,1748
5955,0,1750
5956,0,1750
5957,0,1751
5958,4,1751
5959,4,1751
5960,3,1752
5961,0,1752
5962,4,1752
5963,3,1752
5964,3,1753
5965,0,1753
5966,3,1753
5967,3,1753
5968,5,1753
5969,6,1753
5970,2,1753
5971,4,1754
5972,5,1754
5973,5,1755
5974,3,1755
5975,4,1756
5976,4,1756
5977,4,1756
5978,4,1756
5979,4,1756
5980,4,1757
5981,4,1757
5982,4,1757
5983,4,1757
5984,4,1758
5985,4,1758
5986,4,1758
5987,4,1758
5988,4,1758
5989,3,1758
5990,6,1759
5991,4,1760
5992,4,1760
5993,4,1760
5994,4,1760
5995,4,1760
5996,4,1761
5997,4,1761
5998,4,1761
5999,4,1761
6000,4,1761
6001,4,1761
6002,4,1762
6003,4,1762
6004,4,1762
6005,4,1762
6006,4,1762
6007,6,1763
6008,4,1763
6009,6,1763
6010,4,1763
6011,2,1764
6012,4,1764
6013,4,1764
6014,4,1764
6015,3,1764
6016,5,1765
6017,4,1765
6018,4,1765
6019,3,1765
6020,3,1765
6021,5,1766
6022,4,1766
6023,0,1767
6024,4,1767
6025,4,1768
6026,4,1768
6027,4,1768
6028,3,1768
6029,3,1768
6030,4,1769
6031,4,1769
6032,3,1769
6033,3,1769
6034,6,1770
6035,4,1771
6036,4,1771
6037,4,1771
6038,4,1771
6039,4,1772
6040,4,1772
6041,4,1772
6042,4,1774
6043,3,1774
6044,0,1774
6045,4,1775
6046,0,1775
6047,4,1775
6048,0,1775
6049,5,1775
6050,3,1775
6051,6,1776
6052,3,1776
6053,0,1776
6054,5,1776
6055,3,1777
6056,4,1777
6057,4,1777
6058,4,1777
6059,3,1777
6060,0,1777
6061,4,1778
6062,4,1778
6063,4,1778
6064,4,1778
6065,0,1779
6066,6,1779
6067,0,1779
6068,0,1780
6069,3,1781
6070,1,1781
6071,1,1781
6072,0,1782
6073,0,1782
6074,4,1782
6075,4,1782
6076,4,1782
6077,1,1782
6078,1,1782
6079,0,1783
6080,0,1783
6081,4,1783
6082,4,1783
6083,4,1783
6084,1,1783
6085,1,1783
6086,3,1783
6087,1,1783
6088,1,1783
6089,4,1783
6090,4,1784
6091,4,1784
6092,4,1784
6093,4,1784
6094,4,1785
6095,4,1785
6096,4,1787
6097,4,1787
6098,4,1787
6099,4,1787
6100,4,1787
6101,4,1787
6102,4,1788
6103,4,1788
6104,4,1788
6105,5,1788
6106,5,1789
6107,6,1789
6108,3,1789
6109,4,1789
6110,4,1789
6111,3,1790
6112,4,1791
6113,4,1791
6114,6,1792
6115,0,1792
6116,5,1793
6117,5,1793
6118,0,1793
6119,5,1794
6120,5,1794
6121,5,1794
6122,0,1794
6123,5,1795
6124,5,1795
6125,5,1795
6126,0,1795
6127,5,1796
6128,0,1796
6129,4,1796
6130,5,1796
6131,5,1796
6132,4,1796
6133,4,1797
6134,5,1797
6135,4,1797
6136,4,1797
6137,4,1798
6138,4,1798
6139,6,1798
6140,6,1799
6141,0,1799
6142,0,1799
6143,0,1800
6144,3,1800
6145,0,1800
6146,0,1801
6147,0,1801
6148,6,1801
6149,6,1802
6150,3,1802
6151,4,1804
6152,4,1805
6153,4,1805
6154,4,1806
6155,3,1806
6156,4,1807
6157,4,1807
6158,3,1808
6159,0,1809
6160,4,1809
6161,4,1810
6162,6,1810
6163,4,1810
6164,0,1810
6165,6,1810
6166,6,1810
6167,1,1810
6168,5,1810
6169,0,1810
6170,4,1810
6171,6,1810
6172,4,1810
6173,0,1812
6174,0,1812
6175,4,1813
6176,4,1813
6177,4,1813
6178,4,1813
6179,4,1814
6180,4,1814
6181,4,1814
6182,4,1814
6183,3,1814
6184,3,1814
6185,1,1814
6186,2,1814
6187,4,1814
6188,4,1814
6189,3,1815
6190,3,1815
6191,1,1815
6192,6,1815
6193,3,1816
6194,3,1816
6195,1,1816
6196,4,1816
6197,4,1816
6198,4,1817
6199,4,1817
6200,4,1817
6201,2,1817
6202,6,1817
6203,4,1818
6204,4,1818
6205,0,1818
6206,0,1818
6207,4,1818
6208,5,1819
6209,0,1819
6210,0,1819
6211,3,1819
6212,3,1819
6213,0,1820
6214,0,1820
6215,4,1820
6216,4,1820
6217,4,1820
6218,4,1820
6219,4,1820
6220,4,1820
6221,4,1820
6222,3,1820
6223,4,1820
6224,3,1820
6225,4,1821
6226,4,1821
6227,4,1821
6228,4,1822
6229,4,1822
6230,6,1822
6231,4,1823
6232,6,1823
6233,3,1823
6234,3,1824
6235,3,1824
6236,4,1825
6237,4,1825
6238,4,1825
6239,4,1825
6240,4,1825
6241,4,1825
6242,4,1826
6243,4,1826
6244,4,1826
6245,4,1826
6246,4,1826
6247,3,1826
6248,3,1826
6249,5,1826
6250,4,1827
6251,0,1827
6252,4,1827
6253,3,1827
6254,3,1827
6255,4,1828
6256,1,1828
6257,4,1828
6258,0,1828
6259,3,1828
6260,3,1828
6261,3,1828
6262,3,1828
6263,1,1829
6264,5,1829
6265,5,1830
6266,4,1830
6267,0,1830
6268,3,1830
6269,3,1830
6270,3,1830
6271,3,1830
6272,3,1830
6273,2,1831
6274,4,1831
6275,6,1831
6276,6,1832
6277,4,1832
6278,4,1832
6279,4,1832
6280,4,1833
6281,4,1833
6282,4,1833
6283,4,1833
6284,4,1833
6285,4,1834
6286,5,1834
6287,4,1834
6288,6,1834
6289,4,1834
6290,0,1835
6291,4,1835
6292,5,1835
6293,4,1835
6294,4,1836
6295,5,1836
6296,4,1836
6297,4,1837
6298,5,1837
6299,4,1837
6300,4,1839
6301,4,1840
6302,3,1841
6303,3,1841
6304,4,1841
6305,1,1841
6306,4,1843
6307,4,1843
6308,4,1843
6309,3,1843
6310,4,1843
6311,0,1844
6312,4,1844
6313,4,1844
6314,6,1844
6315,0,1844
6316,1,1844
6317,4,1844
6318,4,1844
6319,0,1844
6320,2,1844
6321,4,1844
6322,5,1844
6323,0,1845
6324,6,1845
6325,6,1846
6326,3,1846
6327,3,1847
6328,4,1847
6329,4,1847
6330,4,1848
6331,4,1848
6332,4,1850
6333,4,1850
6334,4,1851
6335,4,1851
6336,3,1851
6337,3,1851
6338,3,1852
6339,3,1852
6340,3,1853
6341,0,1855
6342,0,1856
6343,4,1857
6344,3,1857
6345,3,1858
6346,5,1859
6347,5,1859
6348,3,1859
6349,5,1860
6350,5,1860
6351,3,1860
6352,0,1860
6353,5,1861
6354,0,1862
6355,0,1863
6356,1,1863
6357,1,1864
6358,3,1864
6359,3,1864
6360,3,1864
6361,3,1865
6362,4,1865
6363,4,1865
6364,3,1865
6365,3,1865
6366,4,1866
6367,4,1866
6368,3,1867
6369,3,1867
6370,1,1867
6371,1,1869
6372,3,1869
6373,4,1870
6374,4,1871
6375,4,1871
6376,6,1871
6377,4,1872
6378,0,1872
6379,4,1872
6380,0,1872
6381,0,1872
6382,0,1872
6383,1,1872
6384,0,1872
6385,4,1872
6386,6,1875
6387,0,1875
6388,4,1875
6389,0,1875
6390,0,1875
6391,3,1876
6392,4,1876
6393,3,1878
6394,4,1878
6395,4,1878
6396,3,1879
6397,6,1880
6398,6,1881
6399,3,1882
6400,3,1883
6401,3,1883
6402,3,1883
6403,3,1883
6404,3,1884
6405,3,1884
6406,3,1885
6407,4,1885
6408,4,1886
6409,3,1886
6410,3,1887
6411,3,1887
6412,3,1887
6413,3,1888
6414,2,1888
6415,4,1889
6416,4,1890
6417,1,1890
6418,0,1891
6419,0,1891
6420,4,1891
6421,4,1891
6422,4,1891
6423,4,1891
6424,3,1891
6425,4,1891
6426,3,1891
6427,3,1891
6428,4,1891
6429,4,1891
6430,3,1892
6431,4,1893
6432,4,1894
6433,4,1894
6434,4,1895
6435,2,1895
6436,2,1896
6437,4,1896
6438,4,1897
6439,4,1897
6440,4,1898
6441,4,1899
6442,3,1900
6443,4,1900
6444,3,1900
6445,4,1900
6446,3,1900
6447,4,1900
6448,4,1901
6449,4,1901
6450,0,1901
6451,4,1901
6452,0,1901
6453,0,1901
6454,5,1901
6455,4,1901
6456,4,1902
6457,4,1902
6458,4,1902
6459,0,1902
6460,4,1902
6461,6,1903
6462,5,1904
6463,6,1904
6464,6,1904
6465,2,1905
6466,6,1905
6467,5,1905
6468,1,1905
6469,5,1905
6470,5,1905
6471,4,1906
6472,5,1906
6473,4,1906
6474,4,1906
6475,5,1907
6476,5,1908
6477,2,1908
6478,3,1908
6479,5,1908
6480,1,1908
6481,3,1908
6482,0,1908
6483,5,1908
6484,3,1908
6485,3,1909
6486,4,1909
6487,4,1909
6488,5,1909
6489,4,1910
6490,4,1910
6491,4,1911
6492,4,1911
6493,4,1911
6494,4,1912
6495,5,1912
6496,5,1912
6497,4,1912
6498,0,1912
6499,5,1912
6500,4,1912
6501,4,1912
6502,4,1912
6503,3,1912
6504,0,1913
6505,5,1913
6506,4,1913
6507,4,1914
6508,4,1914
6509,4,1914
6510,4,1914
6511,6,1914
6512,4,1915
6513,4,1915
6514,6,1915
6515,1,1916
6516,4,1916
6517,4,1916
6518,3,1917
6519,0,1917
6520,4,1918
6521,4,1919
6522,4,1921
6523,4,1921
6524,4,1921
6525,4,1922
6526,3,1922
6527,3,1923
6528,4,1923
6529,0,1923
6530,4,1923
6531,3,1924
6532,0,1924
6533,4,1924
6534,0,1925
6535,4,1925
6536,0,1926
6537,2,1926
6538,0,1926
6539,4,1926
6540,0,1926
6541,4,1926
6542,3,1927
6543,3,1927
6544,3,1928
6545,4,1928
6546,4,1928
6547,0,1928
6548,5,1928
6549,4,1929
6550,4,1929
6551,3,1929
6552,3,1930
6553,0,1930
6554,4,1930
6555,4,1932
6556,5,1932
6557,4,1933
6558,4,1933
6559,4,1935
6560,4,1935
6561,4,1935
6562,4,1935
6563,6,1935
6564,0,1936
6565,4,1936
6566,5,1936
6567,4,1936
6568,0,1936
6569,3,1936
6570,3,1936
6571,3,1937
6572,4,1938
6573,6,1938
6574,6,1938
6575,4,1938
6576,4,1938
6577,2,1938
6578,2,1938
6579,4,1938
6580,5,1938
6581,5,1938
6582,5,1938
6583,0,1938
6584,5,1938
6585,0,1938
6586,3,1938
6587,2,1939
6588,3,1939
6589,3,1939
6590,5,1939
6591,5,1939
6592,4,1939
6593,5,1939
6594,6,1939
6595,6,1939
6596,3,1939
6597,4,1939
6598,3,1940
6599,5,1940
6600,4,1940
6601,4,1941
6602,6,1941
6603,3,1942
6604,5,1942
6605,6,1942
6606,3,1942
6607,3,1943
6608,4,1943
6609,4,1943
6610,3,1944
6611,4,1944
6612,4,1944
6613,4,1944
6614,4,1945
6615,6,1946
6616,4,1946
6617,4,1946
6618,4,1946
6619,4,1946
6620,4,1946
6621,4,1946
6622,4,1946
6623,3,1946
6624,3,1946
6625,4,1947
6626,4,1948
6627,4,1948
6628,4,1948
6629,4,1948
6630,0,1949
6631,4,1949
6632,4,1949
6633,4,1950
6634,6,1950
6635,0,1951
6636,4,1951
6637,6,1951
6638,0,1952
6639,1,1953
6640,5,1953
6641,5,1953
6642,3,1953
6643,5,1953
6644,1,1953
6645,0,1953
6646,3,1953
6647,3,1953
6648,5,1954
6649,1,1954
6650,0,1954
6651,2,1954
6652,0,1954
6653,4,1954
6654,3,1954
6655,3,1954
6656,4,1954
6657,4,1955
6658,4,1955
6659,4,1955
6660,3,1955
6661,0,1955
6662,4,1956
6663,4,1956
6664,3,1956
6665,1,1956
6666,3,1957
6667,1,1957
6668,3,1957
6669,3,1959
6670,4,1959
6671,4,1960
6672,4,1960
6673,4,1960
6674,4,1960
6675,4,1961
6676,4,1961
6677,3,1961
6678,3,1961
6679,3,1961
6680,4,1961
6681,4,1961
6682,5,1962
6683,4,1962
6684,3,1962
6685,3,1962
6686,4,1962
6687,4,1962
6688,3,1962
6689,4,1962
6690,3,1963
6691,3,1963
6692,4,1963
6693,4,1963
6694,5,1964
6695,4,1964
6696,4,1964
6697,5,1965
6698,0,1965
6699,1,1965
6700,3,1965
6701,5,1965
6702,3,1965
6703,3,1965
6704,3,1965
6705,3,1965
6706,3,1965
6707,3,1965
6708,4,1965
6709,0,1966
6710,1,1966
6711,3,1966
6712,3,1966
6713,3,1966
6714,3,1966
6715,3,1966
6716,3,1967
6717,3,1967
6718,3,1968
6719,0,1969
6720,1,1969
6721,3,1969
6722,3,1969
6723,3,1969
6724,3,1969
6725,3,1969
6726,0,1970
6727,3,1971
6728,3,1972
6729,4,1972
6730,4,1972
6731,4,1973
6732,4,1974
6733,0,1974
6734,5,1974
6735,4,1974
6736,4,1974
6737,4,1974
6738,6,1974
6739,4,1974
6740,4,1974
6741,4,1974
6742,5,1974
6743,4,1974
6744,4,1975
6745,4,1975
6746,5,1975
6747,5,1976
6748,6,1977
6749,0,1977
6750,0,1977
6751,0,1977
6752,6,1978
6753,4,1978
6754,4,1978
6755,4,1978
6756,4,1978
6757,4,1978
6758,4,1978
6759,4,1978
6760,4,1978
6761,4,1979
6762,4,1979
6763,4,1980
6764,4,1980
6765,4,1980
6766,4,1980
6767,4,1982
6768,5,1982
6769,4,1982
6770,3,1982
6771,4,1982
6772,4,1982
6773,4,1982
6774,3,1982
6775,0,1983
6776,4,1983
6777,1,1983
6778,1,1983
6779,1,1983
6780,0,1983
6781,6,1983
6782,0,1983
6783,4,1983
6784,0,1984
6785,4,1984
6786,5,1984
6787,5,1985
6788,4,1985
6789,5,1985
6790,5,1985
6791,4,1985
6792,4,1985
6793,3,1986
6794,3,1986
6795,3,1986
6796,0,1987
6797,0,1987
6798,0,1987
6799,0,1987
6800,1,1987
6801,4,1988
6802,3,1988
6803,4,1988
6804,6,1988
6805,5,1988
6806,4,1988
6807,5,1988
6808,4,1988
6809,2,1989
6810,3,1990
6811,3,1990
6812,4,1990
6813,4,1990
6814,6,1990
6815,3,1991
6816,6,1991
6817,6,1991
6818,6,1992
6819,6,1992
6820,4,1992
6821,6,1993
6822,3,1993
6823,6,1993
6824,4,1994
6825,4,1994
6826,5,1995
6827,5,1996
6828,4,1997
6829,4,1997
6830,3,1997
6831,3,1998
6832,4,1999
6833,4,2000
6834,4,2000
6835,3,2000
6836,3,2000
6837,3,2000
6838,6,2000
6839,4,2000
6840,4,2001
6841,4,2001
6842,4,2001
6843,3,2001
6844,0,2001
6845,5,2001
6846,4,2001
6847,4,2001
6848,4,2001
6849,5,2001
6850,3,2001
6851,5,2001
6852,4,2001
6853,3,2001
6854,4,2001
6855,1,2001
6856,4,2002
6857,4,2002
6858,3,2004
6859,4,2005
6860,4,2005
6861,4,2005
6862,1,2005
6863,5,2005
6864,0,2006
6865,0,2006
6866,4,2006
6867,5,2006
6868,3,2006
6869,0,2007
6870,0,2007
6871,4,2007
6872,3,2007
6873,4,2007
6874,6,2008
6875,4,2008
6876,3,2008
6877,4,2009
6878,3,2009
6879,4,2010
6880,3,2010
6881,4,2011
6882,3,2011
6883,6,2012
6884,3,2012
6885,3,2013
6886,3,2014
6887,3,2015
6888,4,2015
6889,4,2016
6890,4,2016
6891,5,2017
6892,0,2017
6893,4,2017
6894,4,2017
6895,4,2017
6896,4,2017
6897,2,2017
6898,5,2018
6899,5,2019
6900,6,2019
6901,4,2020
6902,4,2020
6903,6,2020
6904,3,2020
6905,0,2021
6906,5,2021
6907,5,2021
6908,0,2021
6909,5,2021
6910,0,2021
6911,3,2022
6912,4,2022
6913,4,2022
6914,4,2022
6915,3,2022
6916,5,2023
6917,4,2023
6918,5,2023
6919,6,2024
6920,6,2024
6921,6,2024
6922,3,2024
6923,4,2024
6924,4,2024
6925,4,2024
6926,6,2024
6927,6,2025
6928,6,2025
6929,6,2025
6930,3,2025
6931,4,2025
6932,6,2025
6933,4,2025
6934,3,2025
6935,4,2026
6936,4,2026
6937,4,2026
6938,4,2026
6939,3,2026
6940,4,2027
6941,6,2027
6942,5,2027
6943,5,2027
6944,4,2027
6945,4,2028
6946,5,2030
6947,2,2030
6948,2,2030
6949,2,2030
6950,4,2031
6951,4,2031
6952,4,2031
6953,4,2031
6954,4,2031
6955,5,2031
6956,4,2031
6957,4,2031
6958,4,2031
6959,4,2031
6960,4,2032
6961,4,2032
6962,4,2032
6963,4,2032
6964,6,2032
6965,6,2033
6966,4,2033
6967,4,2033
6968,3,2033
6969,4,2033
6970,3,2034
6971,4,2034
6972,3,2035
6973,4,2035
6974,4,2035
6975,4,2036
6976,5,2040
6977,3,2041
6978,5,2041
6979,4,2041
6980,4,2042
6981,4,2043
6982,5,2043
6983,0,2043
6984,4,2043
6985,4,2043
6986,0,2044
6987,4,2044
6988,4,2045
6989,0,2045
6990,0,2045
6991,5,2045
6992,0,2045
6993,0,2045
6994,4,2045
6995,0,2045
6996,0,2045
6997,5,2045
6998,3,2046
6999,0,2046
7000,2,2046
7001,6,2046
7002,0,2047
7003,4,2047
7004,4,2048
7005,4,2048
7006,2,2048
7007,6,2049
7008,4,2050
7009,4,2050
7010,4,2050
7011,1,2051
7012,1,2051
7013,1,2052
7014,0,2052
7015,0,2053
7016,4,2054
7017,4,2054
7018,3,2054
7019,3,2054
7020,3,2054
7021,4,2055
7022,4,2055
7023,3,2055
7024,3,2055
7025,3,2055
7026,4,2055
7027,4,2056
7028,4,2056
7029,3,2057
7030,4,2058
7031,4,2059
7032,3,2059
7033,3,2059
7034,4,2060
7035,4,2060
7036,4,2060
7037,4,2060
7038,3,2061
7039,3,2062
7040,4,2062
7041,4,2063
7042,3,2063
7043,4,2063
7044,1,2063
7045,4,2063
7046,4,2063
7047,3,2063
7048,0,2063
7049,1,2063
7050,4,2063
7051,0,2063
7052,4,2063
7053,1,2063
7054,0,2064
7055,4,2064
7056,1,2064
7057,5,2065
7058,3,2065
7059,4,2065
7060,4,2066
7061,4,2067
7062,5,2067
7063,0,2067
7064,3,2067
7065,5,2067
7066,3,2068
7067,5,2068
7068,4,2068
7069,5,2068
7070,5,2068
7071,5,2068
7072,5,2069
7073,0,2069
7074,5,2069
7075,5,2069
7076,5,2069
7077,5,2069
7078,5,2069
7079,5,2070
7080,0,2070
7081,5,2070
7082,5,2070
7083,5,2071
7084,4,2071
7085,6,2072
7086,6,2073
7087,3,2073
7088,3,2074
7089,4,2074
7090,4,2075
7091,4,2075
7092,4,2076
7093,4,2077
7094,5,2078
7095,3,2078
7096,5,2078
7097,6,2078
7098,3,2078
7099,6,2078
7100,4,2078
7101,6,2079
7102,3,2079
7103,6,2079
7104,4,2079
7105,3,2079
7106,5,2080
7107,4,2080
7108,4,2080
7109,3,2080
7110,4,2081
7111,3,2081
7112,5,2081
7113,3,2082
7114,5,2084
7115,4,2086
7116,3,2086
7117,6,2087
7118,4,2088
7119,4,2089
7120,4,2089
7121,4,2089
7122,4,2091
7123,4,2092
7124,4,2093
7125,6,2093
7126,6,2093
7127,0,2093
7128,6,2094
7129,3,2094
7130,3,2094
7131,3,2094
7132,6,2094
7133,0,2094
7134,6,2095
7135,0,2095
7136,3,2095
7137,4,2096
7138,0,2096
7139,0,2096
7140,4,2097
7141,4,2097
7142,4,2098
7143,4,2100
7144,3,2101
7145,3,2102
7146,4,2102
7147,3,2102
7148,4,2102
7149,4,2103
7150,3,2103
7151,4,2103
7152,3,2104
7153,4,2104
7154,3,2105
7155,4,2105
7156,4,2105
7157,0,2106
7158,0,2106
7159,3,2106
7160,6,2106
7161,4,2106
7162,0,2106
7163,4,2106
7164,0,2106
7165,4,2106
7166,0,2106
7167,4,2106
7168,4,2107
7169,3,2107
7170,4,2107
7171,0,2107
7172,0,2108
7173,0,2108
7174,3,2108
7175,2,2108
7176,3,2108
7177,0,2108
7178,3,2109
7179,2,2109
7180,5,2110
7181,0,2110
7182,3,2110
7183,4,2110
7184,5,2111
7185,0,2111
7186,3,2111
7187,4,2111
7188,5,2112
7189,0,2112
7190,0,2112
7191,0,2112
7192,0,2113
7193,4,2113
7194,0,2113
7195,0,2113
7196,3,2113
7197,4,2113
7198,3,2114
7199,5,2114
7200,0,2114
7201,4,2114
7202,2,2114
7203,4,2115
7204,5,2115
7205,4,2117
7206,4,2117
7207,4,2117
7208,6,2117
7209,0,2117
7210,4,2117
7211,4,2117
7212,4,2118
7213,4,2119
7214,4,2119
7215,4,2120
7216,3,2120
7217,4,2120
7218,4,2120
7219,4,2120
7220,4,2121
7221,4,2122
7222,3,2122
7223,3,2122
7224,6,2122
7225,0,2122
7226,6,2122
7227,4,2122
7228,0,2122
7229,3,2123
7230,4,2123
7231,4,2123
7232,4,2124
7233,5,2124
7234,4,2124
7235,4,2125
7236,0,2125
7237,4,2126
7238,4,2126
7239,4,2126
7240,4,2126
7241,4,2126
7242,3,2126
7243,3,2126
7244,5,2126
7245,1,2127
7246,1,2127
7247,0,2127
7248,0,2128
7249,6,2128
7250,0,2128
7251,6,2129
7252,0,2129
7253,0,2129
7254,0,2129
7255,2,2129
7256,4,2129
7257,1,2130
7258,1,2130
7259,6,2130
7260,0,2130
7261,1,2131
7262,1,2131
7263,6,2132
7264,0,2132
7265,4,2132
7266,4,2132
7267,3,2133
7268,3,2133
7269,3,2133
7270,4,2133
7271,6,2133
7272,3,2133
7273,3,2133
7274,0,2133
7275,5,2133
7276,0,2133
7277,0,2133
7278,4,2134
7279,4,2134
7280,4,2134
7281,4,2134
7282,3,2134
7283,4,2135
7284,6,2135
7285,3,2135
7286,3,2135
7287,4,2135
7288,4,2135
7289,4,2135
7290,4,2135
7291,3,2135
7292,5,2136
7293,4,2136
7294,4,2137
7295,3,2138
7296,3,2139
7297,3,2139
7298,4,2140
7299,4,2140
7300,4,2140
7301,4,2140
7302,4,2140
7303,4,2140
7304,3,2140
7305,4,2140
7306,4,2140
7307,4,2141
7308,4,2141
7309,3,2141
7310,3,2142
7311,6,2142
7312,4,2143
7313,4,2144
7314,0,2145
7315,3,2145
7316,0,2146
7317,3,2147
7318,5,2147
7319,4,2147
7320,5,2147
7321,4,2147
7322,4,2147
7323,4,2147
7324,4,2148
7325,4,2148
7326,4,2148
7327,4,2148
7328,4,2149
7329,4,2149
7330,5,2149
7331,4,2150
7332,4,2150
7333,4,2150
7334,1,2153
7335,6,2153
7336,6,2154
7337,1,2154
7338,4,2154
7339,1,2155
7340,1,2155
7341,6,2156
7342,4,2156
7343,1,2156
7344,4,2157
7345,1,2157
7346,4,2158
7347,1,2158
7348,4,2158
7349,6,2158
7350,4,2159
7351,1,2159
7352,6,2159
7353,3,2159
