,Emotion
0,4
1,4
2,4
3,4
4,6
5,4
6,4
7,4
8,4
9,4
10,2
11,4
12,6
13,4
14,6
15,5
16,6
17,2
18,4
19,4
20,4
21,4
22,4
23,3
24,5
25,6
26,4
27,1
28,5
29,4
30,4
31,3
32,4
33,3
34,6
35,6
36,6
37,4
38,4
39,4
40,6
41,5
42,6
43,4
44,4
45,4
46,6
47,5
48,4
49,6
50,3
51,6
52,4
53,4
54,4
55,4
56,4
57,3
58,3
59,3
60,5
61,4
62,4
63,4
64,4
65,4
66,4
67,4
68,6
69,3
70,6
71,3
72,4
73,4
74,0
75,3
76,4
77,6
78,0
79,0
80,0
81,4
82,4
83,5
84,5
85,5
86,6
87,0
88,0
89,0
90,0
91,4
92,0
93,4
94,4
95,4
96,4
97,4
98,3
99,4
100,3
101,4
102,4
103,4
104,3
105,4
106,4
107,4
108,4
109,3
110,3
111,4
112,4
113,3
114,4
115,4
116,1
117,0
118,0
119,0
120,0
121,0
122,0
123,4
124,4
125,0
126,4
127,4
128,3
129,3
130,4
131,4
132,4
133,4
134,3
135,3
136,3
137,3
138,4
139,4
140,3
141,3
142,3
143,4
144,3
145,1
146,6
147,1
148,4
149,2
150,4
151,6
152,2
153,1
154,0
155,3
156,4
157,6
158,4
159,4
160,4
161,4
162,6
163,4
164,4
165,0
166,4
167,4
168,5
169,6
170,5
171,0
172,5
173,4
174,5
175,4
176,4
177,4
178,4
179,0
180,0
181,0
182,4
183,0
184,3
185,3
186,5
187,4
188,4
189,4
190,4
191,4
192,0
193,0
194,0
195,4
196,0
197,3
198,3
199,5
200,4
201,4
202,4
203,3
204,3
205,0
206,0
207,0
208,4
209,0
210,3
211,3
212,3
213,3
214,3
215,1
216,1
217,6
218,4
219,4
220,4
221,0
222,3
223,4
224,4
225,4
226,4
227,2
228,4
229,2
230,2
231,3
232,3
233,3
234,3
235,3
236,4
237,4
238,4
239,3
240,4
241,3
242,2
243,4
244,5
245,6
246,2
247,4
248,4
249,4
250,3
251,3
252,3
253,3
254,3
255,3
256,4
257,4
258,4
259,3
260,3
261,3
262,6
263,4
264,3
265,3
266,3
267,3
268,3
269,3
270,3
271,4
272,4
273,4
274,4
275,3
276,3
277,3
278,6
279,4
280,3
281,4
282,6
283,3
284,6
285,6
286,0
287,1
288,4
289,4
290,1
291,4
292,3
293,6
294,4
295,0
296,4
297,1
298,4
299,4
300,1
301,1
302,4
303,6
304,4
305,6
306,0
307,4
308,6
309,0
310,6
311,6
312,3
313,3
314,4
315,4
316,4
317,4
318,4
319,4
320,4
321,4
322,4
323,4
324,3
325,6
326,4
327,4
328,3
329,2
330,3
331,3
332,3
333,3
334,4
335,4
336,4
337,4
338,4
339,4
340,4
341,6
342,4
343,4
344,6
345,4
346,3
347,3
348,3
349,5
350,4
351,4
352,4
353,6
354,4
355,4
356,4
357,4
358,4
359,4
360,5
361,4
362,3
363,3
364,4
365,4
366,4
367,4
368,4
369,5
370,3
371,0
372,0
373,0
374,3
375,2
376,3
377,2
378,5
379,6
380,3
381,4
382,3
383,6
384,0
385,0
386,0
387,4
388,0
389,0
390,6
391,6
392,4
393,4
394,3
395,4
396,4
397,2
398,3
399,4
400,4
401,0
402,6
403,0
404,2
405,4
406,4
407,4
408,2
409,4
410,4
411,0
412,0
413,6
414,4
415,4
416,4
417,4
418,4
419,6
420,4
421,4
422,6
423,4
424,4
425,6
426,4
427,6
428,4
429,6
430,6
431,4
432,3
433,3
434,0
435,0
436,0
437,6
438,4
439,6
440,3
441,3
442,0
443,0
444,0
445,4
446,4
447,4
448,4
449,2
450,6
451,4
452,3
453,3
454,0
455,0
456,0
457,2
458,4
459,2
460,3
461,3
462,4
463,4
464,4
465,4
466,4
467,4
468,6
469,4
470,4
471,4
472,4
473,3
474,3
475,3
476,4
477,4
478,4
479,4
480,3
481,4
482,4
483,4
484,4
485,4
486,6
487,4
488,4
489,4
490,1
491,6
492,3
493,3
494,3
495,3
496,3
497,4
498,4
499,4
500,5
501,5
502,4
503,4
504,5
505,4
506,3
507,3
508,1
509,0
510,4
511,3
512,3
513,4
514,4
515,0
516,6
517,6
518,6
519,4
520,6
521,4
522,0
523,6
524,6
525,6
526,6
527,6
528,6
529,0
530,0
531,6
532,0
533,0
534,0
535,0
536,4
537,4
538,4
539,0
540,0
541,0
542,0
543,0
544,6
545,0
546,0
547,0
548,0
549,3
550,4
551,4
552,4
553,0
554,0
555,3
556,4
557,4
558,1
559,4
560,0
561,0
562,0
563,4
564,4
565,3
566,4
567,4
568,4
569,4
570,4
571,4
572,2
573,4
574,6
575,3
576,4
577,1
578,2
579,6
580,3
581,5
582,5
583,5
584,5
585,6
586,4
587,4
588,4
589,6
590,4
591,4
592,4
593,4
594,4
595,4
596,1
597,4
598,1
599,6
600,4
601,6
602,4
603,4
604,4
605,4
606,4
607,4
608,4
609,4
610,6
611,4
612,5
613,1
614,4
615,0
616,4
617,3
618,6
619,0
620,3
621,4
622,2
623,0
624,6
625,6
626,4
627,4
628,4
629,0
630,6
631,6
632,3
633,3
634,6
635,3
636,3
637,3
638,2
639,3
640,4
641,4
642,4
643,4
644,4
645,4
646,4
647,3
648,4
649,4
650,6
651,4
652,6
653,4
654,3
655,3
656,4
657,4
658,4
659,0
660,3
661,2
662,6
663,4
664,4
665,4
666,0
667,2
668,4
669,4
670,4
671,4
672,4
673,4
674,4
675,4
676,3
677,6
678,0
679,3
680,4
681,4
682,6
683,4
684,6
685,4
686,4
687,4
688,4
689,4
690,4
691,5
692,6
693,4
694,4
695,4
696,0
697,4
698,4
699,6
700,4
701,3
702,0
703,6
704,4
705,4
706,2
707,2
708,5
709,3
710,6
711,6
712,4
713,4
714,0
715,6
716,0
717,4
718,4
719,5
720,4
721,1
722,0
723,0
724,0
725,0
726,0
727,0
728,0
729,4
730,3
731,4
732,4
733,4
734,4
735,4
736,4
737,4
738,4
739,4
740,4
741,3
742,3
743,4
744,4
745,4
746,4
747,3
748,4
749,3
750,1
751,5
752,0
753,4
754,3
755,0
756,0
757,2
758,2
759,4
760,0
761,5
762,3
763,4
764,4
765,2
766,2
767,5
768,5
769,5
770,3
771,3
772,3
773,2
774,2
775,4
776,3
777,0
778,3
779,4
780,4
781,2
782,5
783,5
784,5
785,3
786,3
787,3
788,4
789,3
790,3
791,4
792,6
793,4
794,3
795,3
796,4
797,3
798,6
799,6
800,4
801,3
802,3
803,3
804,3
805,3
806,3
807,3
808,3
809,6
810,4
811,6
812,4
813,4
814,4
815,3
816,4
817,4
818,6
819,6
820,4
821,4
822,0
823,6
824,4
825,4
826,4
827,4
828,4
829,3
830,3
831,4
832,4
833,3
834,3
835,4
836,4
837,5
838,3
839,5
840,3
841,4
842,3
843,4
844,3
845,3
846,3
847,4
848,4
849,4
850,6
851,6
852,4
853,3
854,4
855,3
856,6
857,3
858,0
859,4
860,5
861,0
862,4
863,4
864,4
865,4
866,0
867,4
868,4
869,4
870,3
871,4
872,3
873,3
874,3
875,0
876,4
877,0
878,4
879,3
880,6
881,4
882,3
883,4
884,4
885,4
886,4
887,6
888,4
889,4
890,5
891,3
892,3
893,5
894,4
895,6
896,4
897,3
898,4
899,3
900,5
901,3
902,3
903,4
904,3
905,3
906,3
907,4
908,4
909,4
910,0
911,0
912,3
913,4
914,6
915,3
916,4
917,4
918,6
919,3
920,4
921,6
922,5
923,4
924,0
925,3
926,4
927,4
928,4
929,4
930,4
931,4
932,0
933,4
934,4
935,0
936,0
937,0
938,4
939,4
940,4
941,6
942,4
943,6
944,4
945,4
946,4
947,4
948,4
949,3
950,3
951,4
952,4
953,4
954,6
955,4
956,4
957,4
958,6
959,4
960,3
961,4
962,4
963,1
964,0
965,0
966,4
967,4
968,4
969,4
970,4
971,4
972,4
973,4
974,3
975,3
976,5
977,4
978,4
979,4
980,4
981,3
982,3
983,0
984,2
985,6
986,0
987,0
988,4
989,0
990,4
991,2
992,4
993,1
994,3
995,6
996,4
997,1
998,4
999,4
1000,4
1001,3
1002,6
1003,4
1004,4
1005,4
1006,4
1007,4
1008,4
1009,3
1010,2
1011,2
1012,4
1013,4
1014,4
1015,0
1016,0
1017,0
1018,0
1019,6
1020,4
1021,3
1022,6
1023,3
1024,4
1025,0
1026,4
1027,0
1028,0
1029,0
1030,6
1031,4
1032,4
1033,0
1034,1
1035,5
1036,4
1037,1
1038,1
1039,4
1040,4
1041,1
1042,4
1043,1
1044,4
1045,4
1046,4
1047,4
1048,0
1049,4
1050,2
1051,0
1052,0
1053,0
1054,0
1055,4
1056,4
1057,4
1058,5
1059,4
1060,4
1061,4
1062,4
1063,4
1064,4
1065,4
1066,6
1067,4
1068,4
1069,6
1070,4
1071,4
1072,4
1073,4
1074,4
1075,6
1076,4
1077,4
1078,4
1079,4
1080,3
1081,5
1082,4
1083,5
1084,5
1085,5
1086,3
1087,3
1088,4
1089,4
1090,4
1091,3
1092,3
1093,3
1094,3
1095,3
1096,4
1097,3
1098,4
1099,4
1100,0
1101,4
1102,4
1103,3
1104,4
1105,3
1106,3
1107,4
1108,0
1109,6
1110,0
1111,1
1112,4
1113,3
1114,3
1115,4
1116,4
1117,3
1118,3
1119,4
1120,0
1121,0
1122,1
1123,4
1124,3
1125,4
1126,4
1127,4
1128,4
1129,6
1130,4
1131,6
1132,6
1133,1
1134,6
1135,4
1136,4
1137,2
1138,4
1139,1
1140,2
1141,0
1142,5
1143,4
1144,4
1145,3
1146,3
1147,4
1148,3
1149,4
1150,3
1151,3
1152,6
1153,4
1154,4
1155,3
1156,6
1157,6
1158,0
1159,4
1160,4
1161,4
1162,4
1163,4
1164,4
1165,3
1166,3
1167,6
1168,6
1169,0
1170,4
1171,4
1172,4
1173,6
1174,4
1175,4
1176,4
1177,4
1178,4
1179,4
1180,0
1181,3
1182,3
1183,3
1184,3
1185,4
1186,2
1187,4
1188,0
1189,3
1190,4
1191,4
1192,0
1193,0
1194,4
1195,0
1196,4
1197,4
1198,4
1199,4
1200,0
1201,4
1202,3
1203,4
1204,4
1205,4
1206,4
1207,2
1208,4
1209,4
1210,4
1211,6
1212,4
1213,6
1214,4
1215,4
1216,4
1217,3
1218,4
1219,6
1220,3
1221,4
1222,4
1223,3
1224,3
1225,6
1226,3
1227,2
1228,6
1229,4
1230,6
1231,4
1232,4
1233,4
1234,4
1235,2
1236,4
1237,4
1238,3
1239,4
1240,4
1241,4
1242,4
1243,4
1244,4
1245,3
1246,4
1247,4
1248,4
1249,4
1250,4
1251,4
1252,4
1253,4
1254,3
1255,4
1256,3
1257,3
1258,4
1259,4
1260,4
1261,1
1262,4
1263,4
1264,0
1265,2
1266,2
1267,2
1268,0
1269,3
1270,1
1271,0
1272,4
1273,4
1274,0
1275,2
1276,2
1277,2
1278,6
1279,0
1280,0
1281,3
1282,3
1283,3
1284,4
1285,4
1286,4
1287,3
1288,5
1289,5
1290,5
1291,3
1292,4
1293,6
1294,6
1295,0
1296,0
1297,4
1298,4
1299,3
1300,3
1301,2
1302,3
1303,4
1304,6
1305,2
1306,2
1307,4
1308,6
1309,4
1310,6
1311,4
1312,4
1313,2
1314,4
1315,1
1316,6
1317,1
1318,6
1319,6
1320,0
1321,0
1322,1
1323,4
1324,0
1325,4
1326,4
1327,4
1328,4
1329,4
1330,3
1331,4
1332,4
1333,4
1334,4
1335,4
1336,4
1337,4
1338,3
1339,4
1340,4
1341,4
1342,6
1343,4
1344,3
1345,3
1346,4
1347,4
1348,4
1349,4
1350,4
1351,0
1352,4
1353,6
1354,6
1355,6
1356,4
1357,4
1358,5
1359,6
1360,4
1361,4
1362,4
1363,5
1364,3
1365,4
1366,3
1367,4
1368,4
1369,6
1370,4
1371,3
1372,0
1373,3
1374,4
1375,4
1376,4
1377,4
1378,5
1379,4
1380,5
1381,6
1382,4
1383,4
1384,4
1385,4
1386,0
1387,2
1388,3
1389,6
1390,4
1391,2
1392,2
1393,4
1394,4
1395,4
1396,4
1397,4
1398,4
1399,4
1400,4
1401,4
1402,4
1403,4
1404,4
1405,4
1406,4
1407,4
1408,4
1409,3
1410,3
1411,3
1412,1
1413,3
1414,1
1415,0
1416,4
1417,5
1418,6
1419,2
1420,4
1421,4
1422,4
1423,1
1424,1
1425,4
1426,6
1427,2
1428,4
1429,4
1430,4
1431,4
1432,3
1433,3
1434,1
1435,4
1436,4
1437,4
1438,3
1439,1
1440,4
1441,4
1442,1
1443,1
1444,6
1445,0
1446,0
1447,0
1448,0
1449,4
1450,0
1451,4
1452,0
1453,4
1454,0
1455,3
1456,6
1457,4
1458,1
1459,5
1460,5
1461,3
1462,3
1463,6
1464,5
1465,4
1466,4
1467,3
1468,3
1469,4
1470,4
1471,4
1472,4
1473,4
1474,4
1475,4
1476,6
1477,3
1478,0
1479,3
1480,4
1481,4
1482,3
1483,0
1484,0
1485,4
1486,0
1487,4
1488,5
1489,4
1490,4
1491,4
1492,0
1493,4
1494,4
1495,3
1496,3
1497,3
1498,3
1499,4
1500,3
1501,4
1502,3
1503,3
1504,5
1505,5
1506,5
1507,1
1508,5
1509,0
1510,6
1511,0
1512,4
1513,4
1514,0
1515,6
1516,6
1517,4
1518,4
1519,3
1520,4
1521,4
1522,1
1523,4
1524,4
1525,4
1526,4
1527,4
1528,1
1529,4
1530,6
1531,4
1532,4
1533,4
1534,4
1535,6
1536,3
1537,4
1538,5
1539,5
1540,4
1541,6
1542,4
1543,5
1544,6
1545,5
1546,4
1547,5
1548,4
1549,5
1550,4
1551,4
1552,4
1553,4
1554,4
1555,4
1556,4
1557,4
1558,4
1559,4
1560,4
1561,4
1562,6
1563,4
1564,4
1565,0
1566,0
1567,3
1568,0
1569,6
1570,1
1571,6
1572,4
1573,4
1574,4
1575,3
1576,0
1577,4
1578,6
1579,4
1580,0
1581,6
1582,4
1583,4
1584,0
1585,0
1586,3
1587,3
1588,6
1589,3
1590,4
1591,4
1592,6
1593,4
1594,4
1595,4
1596,4
1597,4
1598,4
1599,4
1600,4
1601,4
1602,3
1603,4
1604,4
1605,4
1606,5
1607,5
1608,3
1609,3
1610,4
1611,4
1612,4
1613,4
1614,4
1615,6
1616,3
1617,6
1618,4
1619,0
1620,2
1621,2
1622,0
1623,6
1624,0
1625,4
1626,2
1627,2
1628,0
1629,6
1630,0
1631,1
1632,1
1633,1
1634,1
1635,0
1636,0
1637,3
1638,1
1639,1
1640,1
1641,0
1642,0
1643,1
1644,6
1645,4
1646,2
1647,2
1648,0
1649,1
1650,1
1651,0
1652,0
1653,4
1654,6
1655,4
1656,5
1657,4
1658,0
1659,4
1660,4
1661,4
1662,4
1663,4
1664,5
1665,5
1666,5
1667,5
1668,4
1669,4
1670,4
1671,3
1672,2
1673,3
1674,6
1675,1
1676,6
1677,4
1678,4
1679,0
1680,0
1681,4
1682,0
1683,0
1684,0
1685,6
1686,1
1687,4
1688,4
1689,4
1690,4
1691,4
1692,4
1693,6
1694,4
1695,2
1696,4
1697,0
1698,0
1699,5
1700,5
1701,5
1702,4
1703,4
1704,3
1705,2
1706,4
1707,4
1708,0
1709,5
1710,3
1711,3
1712,3
1713,3
1714,6
1715,4
1716,0
1717,3
1718,4
1719,5
1720,4
1721,4
1722,4
1723,0
1724,4
1725,6
1726,3
1727,4
1728,4
1729,4
1730,4
1731,6
1732,6
1733,5
1734,5
1735,5
1736,4
1737,3
1738,4
1739,4
1740,3
1741,4
1742,4
1743,6
1744,4
1745,1
1746,4
1747,4
1748,0
1749,0
1750,0
1751,3
1752,3
1753,3
1754,0
1755,6
1756,0
1757,0
1758,0
1759,4
1760,0
1761,6
1762,0
1763,0
1764,4
1765,4
1766,4
1767,3
1768,3
1769,3
1770,6
1771,4
1772,3
1773,6
1774,3
1775,4
1776,4
1777,4
1778,5
1779,0
1780,6
1781,0
1782,4
1783,6
1784,4
1785,2
1786,6
1787,3
1788,4
1789,5
1790,0
1791,0
1792,4
1793,4
1794,4
1795,3
1796,3
1797,3
1798,3
1799,4
1800,4
1801,6
1802,5
1803,6
1804,4
1805,1
1806,6
1807,6
1808,4
1809,3
1810,6
1811,3
1812,3
1813,6
1814,3
1815,3
1816,3
1817,3
1818,3
1819,6
1820,3
1821,3
1822,3
1823,4
1824,4
1825,3
1826,4
1827,4
1828,5
1829,2
1830,4
1831,5
1832,3
1833,4
1834,3
1835,4
1836,5
1837,4
1838,4
1839,4
1840,5
1841,3
1842,3
1843,4
1844,4
1845,5
1846,4
1847,5
1848,5
1849,4
1850,4
1851,4
1852,3
1853,4
1854,4
1855,4
1856,6
1857,4
1858,4
1859,4
1860,0
1861,6
1862,0
1863,6
1864,4
1865,4
1866,6
1867,0
1868,0
1869,4
1870,2
1871,4
1872,6
1873,4
1874,5
1875,2
1876,4
1877,4
1878,3
1879,3
1880,4
1881,3
1882,4
1883,6
1884,4
1885,3
1886,2
1887,3
1888,3
1889,4
1890,4
1891,4
1892,4
1893,4
1894,4
1895,4
1896,3
1897,3
1898,3
1899,3
1900,4
1901,4
1902,4
1903,3
1904,6
1905,4
1906,4
1907,6
1908,0
1909,5
1910,0
1911,0
1912,4
1913,4
1914,4
1915,4
1916,0
1917,0
1918,4
1919,4
1920,5
1921,0
1922,4
1923,4
1924,4
1925,4
1926,4
1927,4
1928,4
1929,4
1930,4
1931,6
1932,4
1933,4
1934,0
1935,4
1936,0
1937,4
1938,4
1939,4
1940,3
1941,3
1942,4
1943,6
1944,4
1945,1
1946,6
1947,1
1948,4
1949,1
1950,6
1951,4
1952,4
1953,5
1954,4
1955,3
1956,4
1957,4
1958,4
1959,6
1960,4
1961,6
1962,6
1963,4
1964,4
1965,3
1966,3
1967,4
1968,4
1969,4
1970,3
1971,4
1972,3
1973,6
1974,3
1975,0
1976,0
1977,4
1978,0
1979,6
1980,0
1981,3
1982,0
1983,0
1984,0
1985,3
1986,3
1987,3
1988,3
1989,3
1990,3
1991,3
1992,4
1993,4
1994,5
1995,6
1996,4
1997,3
1998,3
1999,3
2000,4
2001,6
2002,0
2003,6
2004,0
2005,4
2006,4
2007,5
2008,6
2009,5
2010,4
2011,5
2012,4
2013,5
2014,6
2015,4
2016,6
2017,6
2018,6
2019,6
2020,6
2021,6
2022,4
2023,4
2024,4
2025,4
2026,6
2027,4
2028,4
2029,3
2030,3
2031,4
2032,4
2033,2
2034,3
2035,3
2036,3
2037,3
2038,2
2039,3
2040,3
2041,5
2042,3
2043,4
2044,3
2045,4
2046,6
2047,4
2048,4
2049,4
2050,4
2051,4
2052,4
2053,4
2054,4
2055,4
2056,4
2057,3
2058,4
2059,4
2060,4
2061,4
2062,4
2063,4
2064,4
2065,4
2066,4
2067,0
2068,3
2069,5
2070,5
2071,5
2072,6
2073,6
2074,6
2075,4
2076,6
2077,4
2078,6
2079,3
2080,2
2081,6
2082,6
2083,6
2084,3
2085,3
2086,4
2087,0
2088,4
2089,4
2090,6
2091,4
2092,4
2093,5
2094,5
2095,0
2096,0
2097,0
2098,0
2099,4
2100,0
2101,0
2102,4
2103,4
2104,4
2105,4
2106,4
2107,4
2108,4
2109,6
2110,3
2111,4
2112,4
2113,3
2114,4
2115,4
2116,4
2117,3
2118,4
2119,4
2120,3
2121,4
2122,4
2123,4
2124,4
2125,4
2126,4
2127,3
2128,3
2129,4
2130,4
2131,3
2132,3
2133,3
2134,3
2135,5
2136,4
2137,4
2138,0
2139,6
2140,4
2141,0
2142,4
2143,6
2144,0
2145,0
2146,4
2147,0
2148,4
2149,0
2150,4
2151,3
2152,3
2153,0
2154,6
2155,4
2156,6
2157,6
2158,5
2159,6
2160,6
2161,4
2162,6
2163,2
2164,6
2165,6
2166,4
2167,6
2168,5
2169,6
2170,6
2171,6
2172,6
2173,6
2174,6
2175,4
2176,3
2177,3
2178,3
2179,3
2180,4
2181,6
2182,5
2183,6
2184,4
2185,4
2186,6
2187,3
2188,4
2189,3
2190,3
2191,6
2192,4
2193,6
2194,4
2195,4
2196,4
2197,4
2198,0
2199,0
2200,0
2201,4
2202,2
2203,4
2204,4
2205,4
2206,4
2207,4
2208,4
2209,4
2210,3
2211,0
2212,4
2213,3
2214,0
2215,0
2216,4
2217,4
2218,0
2219,4
2220,4
2221,4
2222,6
2223,0
2224,3
2225,3
2226,4
2227,4
2228,4
2229,4
2230,3
2231,3
2232,4
2233,4
2234,3
2235,4
2236,4
2237,3
2238,3
2239,4
2240,0
2241,4
2242,4
2243,3
2244,4
2245,4
2246,4
2247,5
2248,4
2249,4
2250,3
2251,3
2252,1
2253,1
2254,3
2255,5
2256,4
2257,4
2258,3
2259,3
2260,3
2261,1
2262,4
2263,3
2264,3
2265,4
2266,4
2267,6
2268,4
2269,4
2270,4
2271,3
2272,4
2273,4
2274,3
2275,1
2276,3
2277,4
2278,1
2279,4
2280,4
2281,0
2282,4
2283,4
2284,4
2285,3
2286,4
2287,4
2288,4
2289,6
2290,0
2291,4
2292,4
2293,4
2294,4
2295,3
2296,1
2297,4
2298,6
2299,3
2300,4
2301,4
2302,6
2303,3
2304,6
2305,3
2306,6
2307,3
2308,4
2309,4
2310,4
2311,4
2312,4
2313,4
2314,3
2315,4
2316,6
2317,4
2318,3
2319,5
2320,3
2321,3
2322,3
2323,6
2324,4
2325,3
2326,3
2327,3
2328,4
2329,4
2330,3
2331,3
2332,3
2333,4
2334,6
2335,4
2336,4
2337,6
2338,6
2339,4
2340,4
2341,6
2342,4
2343,0
2344,6
2345,6
2346,0
2347,0
2348,0
2349,3
2350,3
2351,3
2352,4
2353,4
2354,3
2355,2
2356,5
2357,2
2358,6
2359,6
2360,3
2361,3
2362,3
2363,4
2364,4
2365,4
2366,4
2367,4
2368,6
2369,6
2370,4
2371,4
2372,4
2373,4
2374,0
2375,6
2376,4
2377,6
2378,3
2379,6
2380,4
2381,4
2382,4
2383,3
2384,6
2385,6
2386,3
2387,3
2388,3
2389,3
2390,4
2391,3
2392,4
2393,4
2394,6
2395,4
2396,4
2397,4
2398,4
2399,5
2400,4
2401,4
2402,4
2403,4
2404,4
2405,6
2406,4
2407,4
2408,4
2409,4
2410,4
2411,4
2412,5
2413,4
2414,4
2415,4
2416,6
2417,6
2418,3
2419,3
2420,4
2421,4
2422,3
2423,4
2424,0
2425,4
2426,4
2427,0
2428,4
2429,6
2430,0
2431,0
2432,0
2433,0
2434,4
2435,0
2436,4
2437,6
2438,0
2439,4
2440,0
2441,6
2442,0
2443,0
2444,0
2445,0
2446,4
2447,0
2448,4
2449,0
2450,0
2451,0
2452,3
2453,4
2454,6
2455,4
2456,4
2457,3
2458,4
2459,3
2460,6
2461,6
2462,4
2463,4
2464,4
2465,4
2466,4
2467,0
2468,0
2469,4
2470,4
2471,4
2472,4
2473,4
2474,4
2475,4
2476,4
2477,3
2478,3
2479,4
2480,6
2481,4
2482,1
2483,4
2484,4
2485,6
2486,4
2487,1
2488,5
2489,6
2490,6
2491,1
2492,3
2493,4
2494,4
2495,3
2496,0
2497,4
2498,4
2499,3
2500,3
2501,6
2502,6
2503,3
2504,3
2505,6
2506,6
2507,5
2508,0
2509,6
2510,0
2511,0
2512,0
2513,0
2514,3
2515,3
2516,0
2517,3
2518,3
2519,3
2520,4
2521,4
2522,4
2523,3
2524,4
2525,1
2526,4
2527,4
2528,3
2529,4
2530,3
2531,3
2532,1
2533,4
2534,1
2535,3
2536,6
2537,1
2538,6
2539,3
2540,6
2541,6
2542,4
2543,3
2544,6
2545,2
2546,6
2547,4
2548,3
2549,4
2550,6
2551,6
2552,1
2553,4
2554,0
2555,4
2556,6
2557,4
2558,4
2559,3
2560,4
2561,5
2562,6
2563,4
2564,5
2565,5
2566,6
2567,4
2568,6
2569,6
2570,4
2571,3
2572,4
2573,4
2574,5
2575,4
2576,4
2577,4
2578,4
2579,4
2580,5
2581,5
2582,4
2583,5
2584,4
2585,4
2586,4
2587,4
2588,4
2589,4
2590,5
2591,4
2592,4
2593,4
2594,4
2595,4
2596,4
2597,3
2598,4
2599,4
2600,3
2601,3
2602,4
2603,5
2604,5
2605,4
2606,4
2607,3
2608,3
2609,4
2610,4
2611,5
2612,5
2613,4
2614,5
2615,5
2616,4
2617,5
2618,5
2619,0
2620,4
2621,3
2622,5
2623,4
2624,3
2625,4
2626,4
2627,4
2628,4
2629,4
2630,5
2631,4
2632,4
2633,6
2634,4
2635,4
2636,2
2637,3
2638,4
2639,3
2640,5
2641,3
2642,4
2643,3
2644,4
2645,3
2646,3
2647,4
2648,4
2649,3
2650,4
2651,1
2652,1
2653,4
2654,1
2655,1
2656,4
2657,3
2658,3
2659,4
2660,4
2661,3
2662,4
2663,3
2664,3
2665,3
2666,4
2667,1
2668,1
2669,4
2670,4
2671,4
2672,4
2673,4
2674,4
2675,4
2676,4
2677,5
2678,4
2679,4
2680,4
2681,4
2682,4
2683,4
2684,6
2685,4
2686,4
2687,4
2688,4
2689,4
2690,4
2691,4
2692,3
2693,3
2694,1
2695,4
2696,3
2697,3
2698,4
2699,4
2700,3
2701,4
2702,4
2703,5
2704,4
2705,4
2706,6
2707,3
2708,4
2709,4
2710,4
2711,4
2712,4
2713,6
2714,3
2715,1
2716,3
2717,4
2718,4
2719,4
2720,1
2721,3
2722,4
2723,3
2724,3
2725,4
2726,4
2727,4
2728,6
2729,4
2730,5
2731,1
2732,3
2733,0
2734,5
2735,4
2736,6
2737,3
2738,3
2739,4
2740,0
2741,4
2742,3
2743,4
2744,4
2745,4
2746,4
2747,3
2748,4
2749,4
2750,4
2751,4
2752,4
2753,4
2754,4
2755,0
2756,4
2757,0
2758,5
2759,4
2760,4
2761,4
2762,4
2763,4
2764,4
2765,4
2766,6
2767,4
2768,4
2769,6
2770,4
2771,0
2772,4
2773,0
2774,4
2775,6
2776,6
2777,4
2778,4
2779,6
2780,4
2781,6
2782,4
2783,4
2784,4
2785,4
2786,6
2787,6
2788,6
2789,6
2790,4
2791,4
2792,6
2793,3
2794,6
2795,3
2796,4
2797,4
2798,4
2799,0
2800,4
2801,4
2802,6
2803,6
2804,4
2805,0
2806,4
2807,4
2808,6
2809,0
2810,0
2811,6
2812,3
2813,3
2814,6
2815,6
2816,3
2817,4
2818,4
2819,4
2820,5
2821,5
2822,4
2823,3
2824,4
2825,4
2826,4
2827,0
2828,3
2829,4
2830,4
2831,4
2832,0
2833,6
2834,4
2835,4
2836,1
2837,4
2838,3
2839,0
2840,4
2841,4
2842,4
2843,1
2844,6
2845,6
2846,0
2847,4
2848,6
2849,0
2850,6
2851,6
2852,5
2853,5
2854,4
2855,4
2856,4
2857,4
2858,4
2859,4
2860,4
2861,4
2862,4
2863,4
2864,4
2865,3
2866,3
2867,4
2868,2
2869,2
2870,3
2871,4
2872,4
2873,4
2874,4
2875,2
2876,4
2877,4
2878,4
2879,4
2880,0
2881,5
2882,4
2883,0
2884,3
2885,0
2886,4
2887,4
2888,0
2889,4
2890,3
2891,0
2892,5
2893,4
2894,0
2895,3
2896,3
2897,1
2898,1
2899,1
2900,1
2901,3
2902,4
2903,4
2904,4
2905,6
2906,5
2907,4
2908,4
2909,4
2910,3
2911,6
2912,4
2913,4
2914,4
2915,2
2916,4
2917,4
2918,3
2919,3
2920,3
2921,3
2922,4
2923,3
2924,4
2925,3
2926,3
2927,5
2928,1
2929,1
2930,6
2931,5
2932,6
2933,5
2934,4
2935,3
2936,5
2937,5
2938,4
2939,4
2940,4
2941,4
2942,4
2943,4
2944,4
2945,4
2946,4
2947,6
2948,3
2949,4
2950,0
2951,3
2952,3
2953,0
2954,3
2955,0
2956,4
2957,4
2958,3
2959,5
2960,5
2961,3
2962,3
2963,4
2964,3
2965,4
2966,4
2967,3
2968,5
2969,5
2970,5
2971,3
2972,4
2973,3
2974,3
2975,4
2976,3
2977,6
2978,3
2979,6
2980,3
2981,6
2982,6
2983,4
2984,4
2985,4
2986,0
2987,4
2988,4
2989,4
2990,4
2991,4
2992,0
2993,4
2994,4
2995,5
2996,4
2997,4
2998,4
2999,4
3000,4
3001,4
3002,4
3003,4
3004,4
3005,4
3006,4
3007,4
3008,3
3009,1
3010,4
3011,4
3012,4
3013,4
3014,4
3015,3
3016,4
3017,1
3018,4
3019,3
3020,4
3021,4
3022,4
3023,3
3024,4
3025,3
3026,6
3027,6
3028,4
3029,3
3030,6
3031,4
3032,3
3033,2
3034,3
3035,4
3036,2
3037,0
3038,0
3039,0
3040,0
3041,0
3042,0
3043,4
3044,3
3045,0
3046,1
3047,4
3048,6
3049,4
3050,1
3051,3
3052,2
3053,3
3054,6
3055,5
3056,0
3057,0
3058,3
3059,1
3060,1
3061,4
3062,5
3063,4
3064,0
3065,4
3066,4
3067,4
3068,0
3069,3
3070,4
3071,5
3072,0
3073,0
3074,0
3075,0
3076,3
3077,4
3078,4
3079,5
3080,0
3081,0
3082,0
3083,0
3084,4
3085,5
3086,0
3087,0
3088,0
3089,0
3090,4
3091,3
3092,2
3093,2
3094,4
3095,5
3096,2
3097,2
3098,3
3099,4
3100,6
3101,4
3102,4
3103,4
3104,3
3105,2
3106,2
3107,0
3108,0
3109,4
3110,0
3111,6
3112,5
3113,5
3114,5
3115,5
3116,5
3117,5
3118,5
3119,5
3120,5
3121,5
3122,5
3123,5
3124,4
3125,4
3126,5
3127,5
3128,5
3129,4
3130,2
3131,0
3132,6
3133,6
3134,4
3135,3
3136,0
3137,0
3138,4
3139,6
3140,5
3141,4
3142,4
3143,4
3144,5
3145,5
3146,0
3147,6
3148,6
3149,4
3150,6
3151,4
3152,4
3153,3
3154,1
3155,3
3156,4
3157,4
3158,6
3159,4
3160,3
3161,4
3162,4
3163,0
3164,2
3165,4
3166,4
3167,4
3168,4
3169,4
3170,4
3171,3
3172,4
3173,4
3174,4
3175,0
3176,4
3177,0
3178,4
3179,5
3180,4
3181,6
3182,4
3183,3
3184,3
3185,4
3186,6
3187,3
3188,3
3189,3
3190,3
3191,6
3192,6
3193,4
3194,4
3195,4
3196,0
3197,4
3198,2
3199,6
3200,0
3201,4
3202,3
3203,0
3204,0
3205,0
3206,4
3207,4
3208,4
3209,4
3210,0
3211,5
3212,5
3213,5
3214,4
3215,4
3216,6
3217,0
3218,6
3219,4
3220,4
3221,3
3222,4
3223,4
3224,0
3225,5
3226,5
3227,5
3228,4
3229,4
3230,4
3231,4
3232,0
3233,5
3234,5
3235,5
3236,4
3237,4
3238,4
3239,1
3240,1
3241,6
3242,6
3243,6
3244,6
3245,1
3246,4
3247,3
3248,0
3249,0
3250,2
3251,3
3252,2
3253,6
3254,2
3255,0
3256,0
3257,2
3258,0
3259,0
3260,4
3261,0
3262,2
3263,4
3264,4
3265,4
3266,6
3267,2
3268,0
3269,1
3270,6
3271,1
3272,2
3273,0
3274,4
3275,2
3276,3
3277,0
3278,4
3279,4
3280,4
3281,4
3282,0
3283,4
3284,4
3285,4
3286,4
3287,3
3288,3
3289,4
3290,5
3291,3
3292,3
3293,3
3294,4
3295,5
3296,3
3297,4
3298,3
3299,3
3300,6
3301,5
3302,0
3303,0
3304,4
3305,0
3306,2
3307,4
3308,6
3309,2
3310,0
3311,6
3312,4
3313,4
3314,4
3315,3
3316,4
3317,3
3318,4
3319,0
3320,4
3321,2
3322,4
3323,0
3324,0
3325,4
3326,3
3327,3
3328,4
3329,4
3330,6
3331,4
3332,1
3333,4
3334,1
3335,4
3336,6
3337,3
3338,4
3339,3
3340,1
3341,4
3342,1
3343,4
3344,4
3345,4
3346,1
3347,4
3348,4
3349,4
3350,4
3351,3
3352,4
3353,3
3354,0
3355,4
3356,6
3357,4
3358,4
3359,4
3360,4
3361,4
3362,4
3363,3
3364,4
3365,4
3366,4
3367,4
3368,4
3369,4
3370,4
3371,0
3372,4
3373,4
3374,4
3375,4
3376,4
3377,4
3378,4
3379,5
3380,0
3381,4
3382,0
3383,4
3384,4
3385,3
3386,4
3387,4
3388,4
3389,0
3390,4
3391,4
3392,4
3393,3
3394,4
3395,4
3396,4
3397,4
3398,4
3399,3
3400,3
3401,4
3402,6
3403,6
3404,4
3405,4
3406,0
3407,0
3408,3
3409,6
3410,6
3411,4
3412,4
3413,4
3414,4
3415,3
3416,3
3417,3
3418,4
3419,4
3420,6
3421,6
3422,4
3423,6
3424,3
3425,4
3426,4
3427,4
3428,4
3429,2
3430,4
3431,5
3432,5
3433,4
3434,5
3435,5
3436,6
3437,6
3438,2
3439,4
3440,2
3441,4
3442,4
3443,4
3444,3
3445,6
3446,6
3447,2
3448,4
3449,4
3450,3
3451,4
3452,4
3453,5
3454,4
3455,4
3456,3
3457,3
3458,4
3459,6
3460,4
3461,6
3462,6
3463,5
3464,0
3465,0
3466,0
3467,0
3468,0
3469,0
3470,0
3471,6
3472,0
3473,3
3474,4
3475,0
3476,0
3477,0
3478,0
3479,0
3480,0
3481,4
3482,4
3483,6
3484,4
3485,0
3486,4
3487,4
3488,4
3489,4
3490,4
3491,4
3492,6
3493,0
3494,4
3495,4
3496,4
3497,4
3498,3
3499,4
3500,4
3501,6
3502,6
3503,6
3504,6
3505,4
3506,6
3507,4
3508,4
3509,6
3510,4
3511,4
3512,3
3513,0
3514,4
3515,3
3516,4
3517,3
3518,4
3519,3
3520,4
3521,0
3522,0
3523,3
3524,4
3525,5
3526,0
3527,0
3528,4
3529,4
3530,4
3531,4
3532,3
3533,4
3534,4
3535,0
3536,6
3537,1
3538,4
3539,4
3540,1
3541,0
3542,0
3543,4
3544,2
3545,4
3546,4
3547,2
3548,2
3549,2
3550,4
3551,2
3552,2
3553,4
3554,2
3555,4
3556,4
3557,0
3558,6
3559,4
3560,4
3561,4
3562,0
3563,6
3564,4
3565,3
3566,1
3567,4
3568,6
3569,2
3570,5
3571,4
3572,5
3573,2
3574,2
3575,0
3576,0
3577,4
3578,4
3579,6
3580,6
3581,4
3582,4
3583,4
3584,6
3585,4
3586,0
3587,4
3588,4
3589,4
3590,0
3591,0
3592,4
3593,4
3594,4
3595,6
3596,4
3597,4
3598,0
3599,0
3600,4
3601,4
3602,6
3603,3
3604,4
3605,2
3606,4
3607,3
3608,2
3609,4
3610,4
3611,4
3612,3
3613,4
3614,4
3615,4
3616,4
3617,4
3618,3
3619,3
3620,4
3621,6
3622,4
3623,4
3624,3
3625,3
3626,3
3627,3
3628,5
3629,3
3630,4
3631,3
3632,3
3633,4
3634,4
3635,3
3636,5
3637,4
3638,4
3639,4
3640,4
3641,4
3642,6
3643,4
3644,4
3645,4
3646,4
3647,4
3648,3
3649,4
3650,4
3651,4
3652,4
3653,3
3654,6
3655,3
3656,4
3657,4
3658,4
3659,4
3660,3
3661,5
3662,5
3663,4
3664,6
3665,5
3666,4
3667,3
3668,3
3669,3
3670,3
3671,3
3672,3
3673,4
3674,3
3675,3
3676,4
3677,4
3678,4
3679,4
3680,3
3681,3
3682,6
3683,6
3684,4
3685,6
3686,4
3687,4
3688,0
3689,0
3690,4
3691,5
3692,5
3693,4
3694,6
3695,6
3696,0
3697,6
3698,4
3699,5
3700,5
3701,4
3702,4
3703,4
3704,0
3705,6
3706,4
3707,5
3708,4
3709,0
3710,0
3711,5
3712,4
3713,5
3714,0
3715,6
3716,4
3717,5
3718,5
3719,4
3720,4
3721,5
3722,4
3723,4
3724,4
3725,3
3726,3
3727,3
3728,3
3729,4
3730,3
3731,3
3732,4
3733,4
3734,3
3735,4
3736,4
3737,4
3738,4
3739,4
3740,4
3741,3
3742,3
3743,0
3744,4
3745,3
3746,3
3747,3
3748,3
3749,4
3750,3
3751,3
3752,3
3753,3
3754,3
3755,3
3756,3
3757,4
3758,4
3759,5
3760,4
3761,2
3762,0
3763,0
3764,3
3765,4
3766,4
3767,4
3768,3
3769,4
3770,0
3771,4
3772,0
3773,0
3774,0
3775,0
3776,4
3777,3
3778,4
3779,0
3780,0
3781,0
3782,0
3783,3
3784,3
3785,0
3786,4
3787,3
3788,3
3789,6
3790,0
3791,0
3792,0
3793,0
3794,0
3795,0
3796,4
3797,4
3798,4
3799,4
3800,4
3801,4
3802,4
3803,3
3804,4
3805,4
3806,4
3807,4
3808,0
3809,6
3810,5
3811,4
3812,4
3813,4
3814,4
3815,6
3816,3
3817,6
3818,4
3819,3
3820,4
3821,3
3822,3
3823,4
3824,1
3825,4
3826,4
3827,4
3828,6
3829,5
3830,3
3831,5
3832,6
3833,5
3834,4
3835,4
3836,4
3837,6
3838,5
3839,4
3840,4
3841,6
3842,3
3843,3
3844,3
3845,3
3846,4
3847,6
3848,4
3849,6
3850,3
3851,6
3852,4
3853,1
3854,1
3855,1
3856,6
3857,4
3858,6
3859,6
3860,4
3861,4
3862,4
3863,4
3864,4
3865,4
3866,4
3867,4
3868,4
3869,4
3870,4
3871,5
3872,6
3873,4
3874,6
3875,3
3876,4
3877,4
3878,6
3879,6
3880,6
3881,2
3882,3
3883,6
3884,4
3885,0
3886,4
3887,6
3888,4
3889,3
3890,4
3891,0
3892,4
3893,0
3894,0
3895,0
3896,4
3897,0
3898,0
3899,0
3900,0
3901,0
3902,4
3903,3
3904,0
3905,0
3906,0
3907,3
3908,3
3909,3
3910,5
3911,3
3912,0
3913,3
3914,0
3915,6
3916,0
3917,4
3918,3
3919,6
3920,4
3921,4
3922,0
3923,4
3924,4
3925,0
3926,4
3927,4
3928,4
3929,3
3930,4
3931,0
3932,4
3933,4
3934,4
3935,5
3936,4
3937,4
3938,5
3939,4
3940,4
3941,4
3942,4
3943,4
3944,3
3945,3
3946,3
3947,6
3948,4
3949,4
3950,4
3951,4
3952,4
3953,6
3954,0
3955,6
3956,6
3957,4
3958,4
3959,3
3960,6
3961,0
3962,6
3963,6
3964,4
3965,4
3966,4
3967,4
3968,3
3969,4
3970,0
3971,4
3972,4
3973,4
3974,4
3975,4
3976,6
3977,4
3978,4
3979,3
3980,4
3981,5
3982,4
3983,4
3984,4
3985,4
3986,4
3987,4
3988,4
3989,4
3990,4
3991,4
3992,4
3993,4
3994,3
3995,4
3996,4
3997,6
3998,3
3999,4
4000,6
4001,6
4002,3
4003,3
4004,3
4005,3
4006,6
4007,3
4008,3
4009,4
4010,6
4011,5
4012,0
4013,2
4014,5
4015,5
4016,4
4017,4
4018,4
4019,6
4020,5
4021,0
4022,2
4023,5
4024,1
4025,5
4026,3
4027,3
4028,3
4029,3
4030,3
4031,3
4032,3
4033,3
4034,4
4035,6
4036,4
4037,6
4038,4
4039,6
4040,3
4041,3
4042,5
4043,6
4044,4
4045,6
4046,4
4047,4
4048,4
4049,4
4050,6
4051,5
4052,6
4053,4
4054,0
4055,4
4056,4
4057,3
4058,6
4059,3
4060,4
4061,4
4062,3
4063,4
4064,3
4065,4
4066,6
4067,3
4068,4
4069,4
4070,4
4071,3
4072,4
4073,4
4074,6
4075,3
4076,4
4077,4
4078,4
4079,4
4080,4
4081,4
4082,4
4083,4
4084,4
4085,4
4086,4
4087,0
4088,3
4089,4
4090,4
4091,3
4092,0
4093,3
4094,4
4095,6
4096,3
4097,4
4098,4
4099,4
4100,4
4101,4
4102,4
4103,3
4104,3
4105,6
4106,4
4107,4
4108,0
4109,4
4110,4
4111,0
4112,4
4113,3
4114,3
4115,4
4116,4
4117,4
4118,6
4119,3
4120,3
4121,2
4122,4
4123,6
4124,3
4125,3
4126,4
4127,6
4128,1
4129,4
4130,4
4131,3
4132,4
4133,3
4134,3
4135,6
4136,6
4137,4
4138,4
4139,6
4140,4
4141,5
4142,4
4143,6
4144,4
4145,4
4146,6
4147,4
4148,5
4149,4
4150,5
4151,5
4152,6
4153,5
4154,5
4155,5
4156,4
4157,5
4158,6
4159,5
4160,5
4161,3
4162,3
4163,3
4164,3
4165,4
4166,3
4167,3
4168,4
4169,3
4170,4
4171,5
4172,3
4173,3
4174,3
4175,3
4176,5
4177,4
4178,4
4179,3
4180,4
4181,3
4182,4
4183,4
4184,3
4185,6
4186,4
4187,3
4188,3
4189,3
4190,4
4191,4
4192,4
4193,4
4194,0
4195,6
4196,0
4197,6
4198,6
4199,6
4200,2
4201,6
4202,3
4203,0
4204,3
4205,0
4206,6
4207,3
4208,6
4209,0
4210,2
4211,0
4212,2
4213,3
4214,0
4215,0
4216,0
4217,0
4218,4
4219,4
4220,4
4221,4
4222,4
4223,4
4224,4
4225,4
4226,4
4227,4
4228,4
4229,4
4230,4
4231,4
4232,6
4233,6
4234,3
4235,3
4236,4
4237,4
4238,3
4239,4
4240,4
4241,4
4242,4
4243,4
4244,0
4245,4
4246,4
4247,4
4248,4
4249,5
4250,4
4251,4
4252,4
4253,4
4254,3
4255,4
4256,5
4257,6
4258,4
4259,4
4260,4
4261,0
4262,4
4263,4
4264,2
4265,0
4266,4
4267,6
4268,4
4269,4
4270,0
4271,4
4272,4
4273,2
4274,0
4275,6
4276,4
4277,3
4278,4
4279,5
4280,6
4281,4
4282,3
4283,4
4284,4
4285,5
4286,0
4287,6
4288,3
4289,4
4290,4
4291,5
4292,5
4293,3
4294,4
4295,4
4296,4
4297,0
4298,4
4299,4
4300,2
4301,0
4302,4
4303,4
4304,0
4305,4
4306,4
4307,2
4308,0
4309,4
4310,6
4311,4
4312,4
4313,6
4314,4
4315,4
4316,4
4317,3
4318,6
4319,4
4320,4
4321,5
4322,4
4323,2
4324,4
4325,0
4326,3
4327,5
4328,4
4329,4
4330,4
4331,4
4332,4
4333,4
4334,6
4335,4
4336,4
4337,4
4338,2
4339,6
4340,0
4341,5
4342,4
4343,4
4344,4
4345,5
4346,6
4347,4
4348,6
4349,5
4350,4
4351,6
4352,4
4353,5
4354,3
4355,3
4356,5
4357,5
4358,5
4359,5
4360,4
4361,4
4362,4
4363,4
4364,4
4365,4
4366,4
4367,4
4368,6
4369,4
4370,4
4371,4
4372,3
4373,6
4374,4
4375,1
4376,3
4377,3
4378,3
4379,4
4380,4
4381,4
4382,5
4383,4
4384,4
4385,5
4386,5
4387,4
4388,5
4389,4
4390,6
4391,4
4392,6
4393,4
4394,4
4395,4
4396,4
4397,4
4398,4
4399,4
4400,5
4401,0
4402,4
4403,4
4404,4
4405,4
4406,4
4407,4
4408,4
4409,6
4410,0
4411,4
4412,4
4413,0
4414,4
4415,6
4416,0
4417,5
4418,5
4419,4
4420,4
4421,0
4422,4
4423,5
4424,6
4425,0
4426,4
4427,4
4428,4
4429,2
4430,4
4431,6
4432,4
4433,4
4434,4
4435,0
4436,4
4437,3
4438,4
4439,4
4440,6
4441,6
4442,4
4443,3
4444,6
4445,4
4446,6
4447,4
4448,4
4449,4
4450,6
4451,4
4452,3
4453,3
4454,4
4455,6
4456,4
4457,4
4458,4
4459,4
4460,4
4461,4
4462,6
4463,4
4464,4
4465,4
4466,6
4467,5
4468,4
4469,3
4470,3
4471,5
4472,5
4473,5
4474,5
4475,6
4476,3
4477,5
4478,3
4479,4
4480,4
4481,4
4482,4
4483,3
4484,3
4485,6
4486,6
4487,4
4488,0
4489,0
4490,0
4491,6
4492,4
4493,0
4494,0
4495,0
4496,0
4497,0
4498,6
4499,0
4500,0
4501,0
4502,6
4503,4
4504,0
4505,0
4506,0
4507,4
4508,4
4509,0
4510,0
4511,3
4512,4
4513,4
4514,0
4515,0
4516,3
4517,4
4518,3
4519,4
4520,3
4521,3
4522,2
4523,3
4524,3
4525,3
4526,2
4527,4
4528,4
4529,4
4530,4
4531,6
4532,4
4533,0
4534,4
4535,4
4536,4
4537,6
4538,5
4539,5
4540,5
4541,5
4542,5
4543,6
4544,4
4545,4
4546,6
4547,6
4548,5
4549,4
4550,4
4551,6
4552,4
4553,0
4554,5
4555,4
4556,3
4557,3
4558,4
4559,3
4560,4
4561,1
4562,3
4563,0
4564,4
4565,4
4566,4
4567,4
4568,6
4569,1
4570,3
4571,0
4572,2
4573,4
4574,4
4575,4
4576,4
4577,4
4578,4
4579,6
4580,4
4581,6
4582,4
4583,4
4584,4
4585,3
4586,0
4587,3
4588,5
4589,5
4590,4
4591,4
4592,5
4593,3
4594,3
4595,5
4596,5
4597,3
4598,5
4599,3
4600,4
4601,4
4602,6
4603,1
4604,0
4605,1
4606,2
4607,4
4608,1
4609,6
4610,6
4611,3
4612,4
4613,0
4614,4
4615,0
4616,4
4617,0
4618,0
4619,3
4620,3
4621,4
4622,4
4623,6
4624,4
4625,3
4626,4
4627,4
4628,6
4629,6
4630,4
4631,4
4632,4
4633,3
4634,3
4635,3
4636,6
4637,3
4638,6
4639,3
4640,3
4641,3
4642,3
4643,3
4644,4
4645,3
4646,4
4647,3
4648,3
4649,6
4650,4
4651,3
4652,4
4653,4
4654,4
4655,4
4656,4
4657,6
4658,3
4659,3
4660,0
4661,3
4662,0
4663,3
4664,0
4665,4
4666,0
4667,4
4668,0
4669,3
4670,0
4671,0
4672,0
4673,4
4674,4
4675,0
4676,4
4677,4
4678,4
4679,4
4680,0
4681,5
4682,6
4683,4
4684,5
4685,6
4686,5
4687,1
4688,1
4689,1
4690,1
4691,4
4692,0
4693,0
4694,5
4695,4
4696,4
4697,3
4698,6
4699,4
4700,5
4701,4
4702,4
4703,4
4704,4
4705,4
4706,4
4707,4
4708,3
4709,6
4710,4
4711,6
4712,5
4713,6
4714,4
4715,4
4716,3
4717,3
4718,4
4719,5
4720,5
4721,4
4722,4
4723,0
4724,5
4725,3
4726,3
4727,6
4728,4
4729,4
4730,4
4731,4
4732,4
4733,4
4734,4
4735,3
4736,3
4737,3
4738,3
4739,3
4740,3
4741,0
4742,5
4743,4
4744,6
4745,6
4746,4
4747,4
4748,4
4749,4
4750,0
4751,0
4752,4
4753,4
4754,4
4755,4
4756,4
4757,4
4758,4
4759,4
4760,4
4761,4
4762,4
4763,4
4764,4
4765,3
4766,4
4767,3
4768,4
4769,4
4770,4
4771,4
4772,4
4773,4
4774,3
4775,4
4776,6
4777,4
4778,3
4779,6
4780,6
4781,6
4782,4
4783,6
4784,1
4785,6
4786,3
4787,4
4788,4
4789,4
4790,4
4791,4
4792,4
4793,4
4794,6
4795,0
4796,3
4797,4
4798,4
4799,6
4800,4
4801,4
4802,5
4803,4
4804,4
4805,4
4806,4
4807,3
4808,4
4809,2
4810,5
4811,4
4812,4
4813,2
4814,5
4815,4
4816,2
4817,4
4818,3
4819,4
4820,0
4821,4
4822,4
4823,4
4824,4
4825,4
4826,4
4827,4
4828,5
4829,4
4830,4
4831,6
4832,6
4833,3
4834,3
4835,4
4836,4
4837,1
4838,6
4839,6
4840,4
4841,4
4842,0
4843,4
4844,6
4845,4
4846,4
4847,4
4848,4
4849,4
4850,4
4851,4
4852,6
4853,4
4854,4
4855,4
4856,4
4857,4
4858,4
4859,3
4860,4
4861,6
4862,3
4863,3
4864,4
4865,4
4866,4
4867,1
4868,4
4869,4
4870,4
4871,4
4872,4
4873,4
4874,4
4875,4
4876,1
4877,6
4878,6
4879,6
4880,6
4881,4
4882,1
4883,4
4884,6
4885,4
4886,4
4887,6
4888,4
4889,4
4890,4
4891,4
4892,4
4893,4
4894,4
4895,4
4896,0
4897,4
4898,4
4899,4
4900,4
4901,6
4902,6
4903,4
4904,5
4905,5
4906,4
4907,4
4908,4
4909,3
4910,3
4911,3
4912,4
4913,1
4914,1
4915,4
4916,4
4917,4
4918,4
4919,4
4920,4
4921,4
4922,2
4923,2
4924,2
4925,4
4926,2
4927,4
4928,4
4929,4
4930,4
4931,4
4932,4
4933,4
4934,6
4935,4
4936,4
4937,4
4938,4
4939,4
4940,4
4941,6
4942,0
4943,0
4944,4
4945,4
4946,3
4947,3
4948,3
4949,6
4950,4
4951,4
4952,4
4953,4
4954,4
4955,4
4956,4
4957,4
4958,4
4959,0
4960,3
4961,4
4962,4
4963,4
4964,4
4965,4
4966,4
4967,4
4968,4
4969,4
4970,4
4971,0
4972,3
4973,3
4974,3
4975,3
4976,4
4977,4
4978,5
4979,6
4980,6
4981,6
4982,5
4983,4
4984,4
4985,0
4986,3
4987,6
4988,5
4989,3
4990,6
4991,0
4992,6
4993,5
4994,0
4995,4
4996,6
4997,5
4998,4
4999,0
5000,0
5001,6
5002,5
5003,4
5004,4
5005,4
5006,4
5007,4
5008,4
5009,4
5010,3
5011,4
5012,4
5013,4
5014,4
5015,6
5016,4
5017,4
5018,4
5019,6
5020,6
5021,4
5022,0
5023,4
5024,4
5025,5
5026,0
5027,6
5028,4
5029,4
5030,6
5031,6
5032,0
5033,3
5034,4
5035,4
5036,4
5037,4
5038,4
5039,3
5040,0
5041,3
5042,1
5043,6
5044,0
5045,0
5046,0
5047,0
5048,3
5049,1
5050,6
5051,0
5052,0
5053,0
5054,1
5055,1
5056,3
5057,3
5058,1
5059,6
5060,0
5061,0
5062,0
5063,0
5064,5
5065,1
5066,0
5067,6
5068,0
5069,5
5070,4
5071,4
5072,5
5073,5
5074,5
5075,4
5076,4
5077,4
5078,3
5079,3
5080,4
5081,4
5082,5
5083,4
5084,4
5085,4
5086,4
5087,4
5088,3
5089,3
5090,3
5091,3
5092,6
5093,6
5094,6
5095,6
5096,4
5097,4
5098,3
5099,3
5100,6
5101,3
5102,3
5103,3
5104,3
5105,1
5106,0
5107,1
5108,4
5109,6
5110,0
5111,6
5112,6
5113,4
5114,0
5115,4
5116,6
5117,4
5118,4
5119,4
5120,4
5121,3
5122,4
5123,4
5124,4
5125,4
5126,4
5127,4
5128,4
5129,4
5130,4
5131,5
5132,4
5133,4
5134,6
5135,4
5136,3
5137,5
5138,4
5139,1
5140,4
5141,3
5142,6
5143,3
5144,4
5145,4
5146,4
5147,3
5148,4
5149,4
5150,4
5151,4
5152,3
5153,4
5154,4
5155,4
5156,4
5157,4
5158,4
5159,4
5160,6
5161,4
5162,4
5163,4
5164,4
5165,1
5166,1
5167,4
5168,4
5169,5
5170,3
5171,4
5172,4
5173,4
5174,5
5175,4
5176,3
5177,4
5178,4
5179,4
5180,5
5181,4
5182,4
5183,3
5184,4
5185,4
5186,4
5187,4
5188,1
5189,1
5190,6
5191,3
5192,4
5193,4
5194,4
5195,4
5196,4
5197,4
5198,4
5199,6
5200,6
5201,4
5202,4
5203,4
5204,4
5205,4
5206,4
5207,4
5208,6
5209,5
5210,2
5211,5
5212,5
5213,2
5214,4
5215,6
5216,4
5217,6
5218,3
5219,5
5220,5
5221,4
5222,2
5223,0
5224,0
5225,0
5226,0
5227,0
5228,0
5229,0
5230,5
5231,6
5232,6
5233,4
5234,4
5235,4
5236,4
5237,4
5238,4
5239,4
5240,4
5241,4
5242,4
5243,4
5244,4
5245,4
5246,4
5247,6
5248,6
5249,4
5250,4
5251,3
5252,3
5253,0
5254,5
5255,5
5256,5
5257,5
5258,3
5259,3
5260,0
5261,5
5262,5
5263,5
5264,5
5265,4
5266,4
5267,4
5268,3
5269,4
5270,0
5271,0
5272,0
5273,0
5274,0
5275,3
5276,0
5277,0
5278,4
5279,0
5280,0
5281,0
5282,0
5283,0
5284,0
5285,0
5286,0
5287,0
5288,3
5289,0
5290,4
5291,4
5292,5
5293,5
5294,3
5295,4
5296,6
5297,5
5298,3
5299,5
5300,5
5301,3
5302,5
5303,4
5304,4
5305,4
5306,4
5307,4
5308,4
5309,4
5310,4
5311,4
5312,4
5313,4
5314,6
5315,3
5316,3
5317,3
5318,4
5319,4
5320,4
5321,6
5322,4
5323,6
5324,3
5325,3
5326,3
5327,6
5328,4
5329,4
5330,5
5331,4
5332,6
5333,4
5334,4
5335,4
5336,6
5337,4
5338,4
5339,4
5340,5
5341,6
5342,3
5343,3
5344,3
5345,4
5346,4
5347,4
5348,4
5349,4
5350,4
5351,4
5352,4
5353,4
5354,4
5355,0
5356,0
5357,3
5358,4
5359,0
5360,4
5361,4
5362,0
5363,4
5364,4
5365,4
5366,6
5367,4
5368,6
5369,6
5370,4
5371,1
5372,0
5373,4
5374,4
5375,4
5376,4
5377,4
5378,2
5379,6
5380,6
5381,0
5382,4
5383,3
5384,5
5385,4
5386,3
5387,4
5388,4
5389,4
5390,1
5391,3
5392,4
5393,0
5394,6
5395,5
5396,6
5397,0
5398,0
5399,0
5400,5
5401,4
5402,0
5403,4
5404,4
5405,0
5406,4
5407,6
5408,3
5409,5
5410,5
5411,4
5412,4
5413,6
5414,0
5415,4
5416,4
5417,4
5418,3
5419,5
5420,5
5421,4
5422,4
5423,6
5424,2
5425,3
5426,5
5427,5
5428,4
5429,4
5430,4
5431,0
5432,3
5433,0
5434,6
5435,0
5436,0
5437,4
5438,4
5439,4
5440,4
5441,4
5442,4
5443,6
5444,2
5445,4
5446,2
5447,3
5448,4
5449,4
5450,4
5451,4
5452,4
5453,4
5454,6
5455,6
5456,4
5457,4
5458,6
5459,4
5460,6
5461,4
5462,4
5463,3
5464,0
5465,4
5466,5
5467,6
5468,0
5469,4
5470,4
5471,6
5472,3
5473,0
5474,4
5475,4
5476,4
5477,4
5478,6
5479,4
5480,6
5481,4
5482,3
5483,4
5484,4
5485,3
5486,5
5487,4
5488,6
5489,4
5490,3
5491,4
5492,3
5493,4
5494,4
5495,3
5496,5
5497,4
5498,3
5499,3
5500,4
5501,4
5502,4
5503,3
5504,4
5505,4
5506,3
5507,6
5508,3
5509,5
5510,5
5511,4
5512,4
5513,4
5514,4
5515,3
5516,4
5517,4
5518,3
5519,5
5520,4
5521,4
5522,4
5523,4
5524,3
5525,4
5526,4
5527,3
5528,5
5529,4
5530,0
5531,4
5532,4
5533,4
5534,1
5535,5
5536,4
5537,4
5538,6
5539,6
5540,3
5541,6
5542,1
5543,1
5544,4
5545,4
5546,4
5547,4
5548,3
5549,3
5550,1
5551,0
5552,4
5553,0
5554,0
5555,0
5556,0
5557,1
5558,4
5559,0
5560,0
5561,0
5562,0
5563,0
5564,0
5565,0
5566,0
5567,0
5568,0
5569,3
5570,4
5571,4
5572,4
5573,0
5574,6
5575,3
5576,3
5577,3
5578,4
5579,3
5580,6
5581,3
5582,3
5583,4
5584,4
5585,3
5586,1
5587,1
5588,3
5589,4
5590,4
5591,1
5592,4
5593,4
5594,4
5595,4
5596,3
5597,4
5598,2
5599,4
5600,4
5601,0
5602,0
5603,2
5604,2
5605,4
5606,3
5607,5
5608,3
5609,5
5610,5
5611,5
5612,3
5613,3
5614,6
5615,3
5616,3
5617,5
5618,5
5619,4
5620,4
5621,5
5622,5
5623,5
5624,4
5625,6
5626,4
5627,5
5628,3
5629,3
5630,3
5631,3
5632,5
5633,3
5634,4
5635,0
5636,4
5637,4
5638,3
5639,4
5640,6
5641,4
5642,4
5643,4
5644,4
5645,6
5646,6
5647,3
5648,4
5649,4
5650,4
5651,4
5652,6
5653,6
5654,6
5655,5
5656,4
5657,4
5658,4
5659,6
5660,6
5661,4
5662,2
5663,6
5664,2
5665,5
5666,6
5667,5
5668,6
5669,2
5670,4
5671,6
5672,4
5673,4
5674,4
5675,2
5676,2
5677,4
5678,4
5679,3
5680,5
5681,3
5682,4
5683,3
5684,1
5685,1
5686,4
5687,0
5688,4
5689,4
5690,4
5691,4
5692,4
5693,0
5694,4
5695,4
5696,4
5697,3
5698,4
5699,0
5700,4
5701,4
5702,4
5703,4
5704,6
5705,4
5706,4
5707,4
5708,6
5709,3
5710,4
5711,4
5712,4
5713,4
5714,5
5715,3
5716,4
5717,4
5718,4
5719,4
5720,4
5721,0
5722,4
5723,5
5724,3
5725,4
5726,4
5727,4
5728,0
5729,6
5730,6
5731,1
5732,1
5733,1
5734,1
5735,4
5736,3
5737,3
5738,4
5739,4
5740,6
5741,6
5742,4
5743,4
5744,4
5745,0
5746,6
5747,3
5748,3
5749,6
5750,6
5751,4
5752,4
5753,4
5754,6
5755,4
5756,4
5757,4
5758,0
5759,5
5760,6
5761,6
5762,6
5763,0
5764,4
5765,4
5766,2
5767,1
5768,0
5769,4
5770,0
5771,4
5772,6
5773,6
5774,6
5775,4
5776,3
5777,6
5778,3
5779,4
5780,0
5781,4
5782,4
5783,6
5784,0
5785,0
5786,4
5787,4
5788,6
5789,6
5790,4
5791,0
5792,0
5793,0
5794,4
5795,0
5796,4
5797,4
5798,0
5799,0
5800,4
5801,4
5802,4
5803,4
5804,4
5805,0
5806,0
5807,4
5808,4
5809,6
5810,4
5811,4
5812,4
5813,4
5814,4
5815,4
5816,4
5817,4
5818,4
5819,4
5820,6
5821,4
5822,6
5823,0
5824,2
5825,0
5826,0
5827,5
5828,5
5829,4
5830,3
5831,3
5832,4
5833,4
5834,4
5835,4
5836,4
5837,3
5838,3
5839,3
5840,4
5841,4
5842,4
5843,4
5844,4
5845,4
5846,5
5847,5
5848,5
5849,3
5850,4
5851,4
5852,4
5853,4
5854,4
5855,5
5856,6
5857,4
5858,4
5859,4
5860,4
5861,4
5862,3
5863,4
5864,3
5865,4
5866,4
5867,0
5868,4
5869,4
5870,0
5871,4
5872,4
5873,5
5874,4
5875,4
5876,4
5877,4
5878,0
5879,2
5880,0
5881,3
5882,4
5883,0
5884,2
5885,4
5886,0
5887,4
5888,4
5889,4
5890,0
5891,2
5892,4
5893,3
5894,4
5895,4
5896,0
5897,5
5898,3
5899,3
5900,4
5901,3
5902,4
5903,4
5904,4
5905,4
5906,3
5907,4
5908,4
5909,4
5910,4
5911,3
5912,6
5913,3
5914,6
5915,4
5916,6
5917,4
5918,3
5919,4
5920,6
5921,4
5922,4
5923,3
5924,4
5925,3
5926,3
5927,3
5928,3
5929,1
5930,4
5931,4
5932,6
5933,6
5934,4
5935,6
5936,4
5937,3
5938,4
5939,4
5940,3
5941,6
5942,3
5943,6
5944,3
5945,3
5946,3
5947,4
5948,3
5949,3
5950,0
5951,0
5952,3
5953,4
5954,4
5955,4
5956,3
5957,4
5958,3
5959,0
5960,4
5961,4
5962,0
5963,3
5964,3
5965,6
5966,4
5967,3
5968,4
5969,4
5970,6
5971,0
5972,0
5973,3
5974,4
5975,4
5976,4
5977,4
5978,4
5979,3
5980,4
5981,4
5982,6
5983,0
5984,0
5985,4
5986,4
5987,6
5988,3
5989,4
5990,4
5991,6
5992,0
5993,0
5994,6
5995,4
5996,6
5997,4
5998,4
5999,4
6000,2
6001,4
6002,4
6003,4
6004,4
6005,4
6006,0
6007,4
6008,0
6009,4
6010,5
6011,2
6012,5
6013,5
6014,4
6015,5
6016,5
6017,5
6018,5
6019,5
6020,5
6021,5
6022,4
6023,3
6024,4
6025,4
6026,0
6027,4
6028,4
6029,6
6030,6
6031,4
6032,3
6033,4
6034,3
6035,3
6036,4
6037,4
6038,4
6039,0
6040,4
6041,3
6042,4
6043,2
6044,4
6045,4
6046,4
6047,4
6048,4
6049,4
6050,6
6051,4
6052,6
6053,4
6054,4
6055,4
6056,4
6057,0
6058,0
6059,0
6060,4
6061,4
6062,4
6063,4
6064,4
6065,0
6066,0
6067,0
6068,0
6069,4
6070,4
6071,4
6072,4
6073,0
6074,4
6075,4
6076,4
6077,4
6078,0
6079,0
6080,6
6081,6
6082,6
6083,4
6084,4
6085,4
6086,4
6087,4
6088,4
6089,0
6090,0
6091,6
6092,6
6093,4
6094,4
6095,4
6096,3
6097,4
6098,6
6099,4
6100,6
6101,5
6102,4
6103,2
6104,6
6105,4
6106,4
6107,5
6108,3
6109,3
6110,4
6111,4
6112,4
6113,4
6114,4
6115,3
6116,0
6117,2
6118,0
6119,0
6120,0
6121,2
6122,0
6123,4
6124,4
6125,4
6126,0
6127,0
6128,3
6129,4
6130,4
6131,4
6132,6
6133,4
6134,4
6135,4
6136,4
6137,6
6138,6
6139,4
6140,1
6141,4
6142,4
6143,4
6144,4
6145,0
6146,3
6147,6
6148,3
6149,3
6150,5
6151,0
6152,3
6153,4
6154,3
6155,3
6156,5
6157,3
6158,0
6159,0
6160,4
6161,0
6162,4
6163,4
6164,4
6165,0
6166,4
6167,0
6168,4
6169,4
6170,4
6171,3
6172,3
6173,4
6174,6
6175,0
6176,4
6177,4
6178,3
6179,4
6180,4
6181,6
6182,4
6183,4
6184,6
6185,4
6186,4
6187,6
6188,6
6189,6
6190,6
6191,4
6192,3
6193,4
6194,4
6195,4
6196,3
6197,6
6198,3
6199,4
6200,4
6201,6
6202,4
6203,0
6204,3
6205,4
6206,3
6207,3
6208,4
6209,3
6210,0
6211,4
6212,3
6213,4
6214,4
6215,6
6216,3
6217,3
6218,3
6219,6
6220,3
6221,3
6222,3
6223,6
6224,3
6225,3
6226,0
6227,5
6228,6
6229,0
6230,4
6231,5
6232,4
6233,4
6234,6
6235,3
6236,6
6237,4
6238,4
6239,4
6240,4
6241,4
6242,0
6243,0
6244,6
6245,4
6246,6
6247,5
6248,4
6249,4
6250,4
6251,4
6252,4
6253,4
6254,6
6255,4
6256,0
6257,4
6258,5
6259,4
6260,2
6261,6
6262,4
6263,4
6264,4
6265,5
6266,4
6267,4
6268,5
6269,0
6270,4
6271,4
6272,6
6273,4
6274,3
6275,4
6276,4
6277,4
6278,3
6279,3
6280,2
6281,4
6282,4
6283,4
6284,4
6285,2
6286,3
6287,4
6288,6
6289,4
6290,0
6291,4
6292,4
6293,4
6294,4
6295,0
6296,3
6297,6
6298,3
6299,1
6300,6
6301,4
6302,1
6303,4
6304,1
6305,4
6306,3
6307,6
6308,4
6309,4
6310,6
6311,4
6312,0
6313,0
6314,4
6315,4
6316,0
6317,4
6318,4
6319,6
6320,4
6321,4
6322,4
6323,4
6324,4
6325,4
6326,6
6327,4
6328,4
6329,4
6330,5
6331,6
6332,4
6333,6
6334,4
6335,0
6336,0
6337,0
6338,0
6339,0
6340,0
6341,0
6342,0
6343,4
6344,6
6345,4
6346,5
6347,5
6348,4
6349,4
6350,4
6351,4
6352,6
6353,5
6354,6
6355,6
6356,2
6357,5
6358,4
6359,5
6360,5
6361,4
6362,4
6363,4
6364,0
6365,5
6366,4
6367,4
6368,6
6369,2
6370,5
6371,4
6372,5
6373,5
6374,4
6375,4
6376,4
6377,0
6378,5
6379,4
6380,4
6381,0
6382,6
6383,4
6384,4
6385,4
6386,4
6387,6
6388,3
6389,4
6390,0
6391,5
6392,5
6393,5
6394,4
6395,4
6396,0
6397,6
6398,4
6399,4
6400,4
6401,5
6402,4
6403,3
6404,3
6405,4
6406,4
6407,3
6408,4
6409,4
6410,4
6411,4
6412,4
6413,4
6414,3
6415,6
6416,4
6417,3
6418,0
6419,4
6420,6
6421,4
6422,4
6423,4
6424,5
6425,6
6426,4
6427,6
6428,6
6429,3
6430,4
6431,4
6432,4
6433,6
6434,4
6435,4
6436,0
6437,5
6438,4
6439,0
6440,3
6441,3
6442,3
6443,3
6444,3
6445,1
6446,3
6447,3
6448,3
6449,4
6450,4
6451,6
6452,6
6453,6
6454,3
6455,3
6456,4
6457,5
6458,5
6459,6
6460,1
6461,1
6462,5
6463,3
6464,3
6465,4
6466,6
6467,5
6468,3
6469,4
6470,3
6471,3
6472,3
6473,4
6474,4
6475,6
6476,3
6477,4
6478,1
6479,4
6480,4
6481,3
6482,5
6483,3
6484,4
6485,3
6486,3
6487,3
6488,3
6489,4
6490,4
6491,3
6492,4
6493,1
6494,4
6495,4
6496,4
6497,0
6498,0
6499,6
6500,6
6501,3
6502,3
6503,4
6504,6
6505,6
6506,6
6507,6
6508,0
6509,4
6510,6
6511,4
6512,2
6513,4
6514,3
6515,4
6516,6
6517,4
6518,4
6519,4
6520,0
6521,5
6522,6
6523,5
6524,4
6525,0
6526,4
6527,4
6528,3
6529,4
6530,4
6531,3
6532,6
6533,4
6534,4
6535,6
6536,6
6537,4
6538,4
6539,6
6540,0
6541,4
6542,4
6543,4
6544,4
6545,4
6546,4
6547,4
6548,4
6549,0
6550,4
6551,4
6552,6
6553,4
6554,4
6555,4
6556,4
6557,0
6558,0
6559,4
6560,0
6561,4
6562,4
6563,4
6564,0
6565,0
6566,3
6567,5
6568,4
6569,1
6570,5
6571,6
6572,4
6573,4
6574,6
6575,4
6576,3
6577,3
6578,4
6579,3
6580,3
6581,0
6582,4
6583,4
6584,4
6585,3
6586,3
6587,3
6588,4
6589,0
6590,3
6591,4
6592,5
6593,4
6594,4
6595,4
6596,6
6597,5
6598,4
6599,3
6600,4
6601,3
6602,4
6603,3
6604,4
6605,3
6606,4
6607,4
6608,4
6609,4
6610,1
6611,4
6612,4
6613,4
6614,4
6615,4
6616,4
6617,4
6618,4
6619,4
6620,4
6621,4
6622,4
6623,4
6624,3
6625,3
6626,3
6627,4
6628,4
6629,4
6630,3
6631,3
6632,6
6633,4
6634,4
6635,6
6636,6
6637,4
6638,4
6639,4
6640,4
6641,4
6642,4
6643,4
6644,3
6645,4
6646,5
6647,0
6648,0
6649,0
6650,4
6651,4
6652,6
6653,4
6654,1
6655,5
6656,4
6657,4
6658,4
6659,4
6660,4
6661,5
6662,1
6663,1
6664,5
6665,3
6666,0
6667,0
6668,0
6669,4
6670,4
6671,5
6672,4
6673,0
6674,4
6675,6
6676,4
6677,4
6678,4
6679,4
6680,2
6681,3
6682,3
6683,3
6684,0
6685,3
6686,4
6687,3
6688,6
6689,2
6690,4
6691,0
6692,5
6693,4
6694,4
6695,6
6696,6
6697,6
6698,4
6699,4
6700,4
6701,4
6702,4
6703,4
6704,3
6705,3
6706,3
6707,3
6708,3
6709,3
6710,3
6711,3
6712,4
6713,3
6714,4
6715,6
6716,6
6717,0
6718,4
6719,1
6720,4
6721,1
6722,4
6723,1
6724,4
6725,6
6726,6
6727,1
6728,4
6729,6
6730,4
6731,3
6732,3
6733,4
6734,3
6735,4
6736,4
6737,4
6738,3
6739,4
6740,3
6741,4
6742,4
6743,3
6744,3
6745,3
6746,4
6747,4
6748,4
6749,4
6750,4
6751,6
6752,6
6753,4
6754,3
6755,3
6756,3
6757,3
6758,6
6759,3
6760,3
6761,4
6762,4
6763,2
6764,4
6765,4
6766,5
6767,6
6768,4
6769,4
6770,4
6771,4
6772,4
6773,3
6774,1
6775,4
6776,4
6777,4
6778,4
6779,4
6780,4
6781,5
6782,5
6783,1
6784,1
6785,6
6786,4
6787,6
6788,6
6789,0
6790,0
6791,2
6792,4
6793,4
6794,6
6795,0
6796,4
6797,3
6798,3
6799,4
6800,4
6801,2
6802,4
6803,4
6804,4
6805,4
6806,4
6807,4
6808,4
6809,4
6810,0
6811,2
6812,0
6813,0
6814,4
6815,4
6816,4
6817,4
6818,4
6819,4
6820,4
6821,3
6822,3
6823,1
6824,4
6825,4
6826,4
6827,4
6828,4
6829,4
6830,4
6831,1
6832,4
6833,0
6834,6
6835,4
6836,4
6837,4
6838,4
6839,4
6840,4
6841,4
6842,6
6843,0
6844,5
6845,1
6846,6
6847,6
6848,0
6849,0
6850,0
6851,0
6852,2
6853,0
6854,0
6855,4
6856,0
6857,4
6858,4
6859,4
6860,0
6861,0
6862,5
6863,1
6864,6
6865,6
6866,4
6867,4
6868,2
6869,4
6870,0
6871,4
6872,3
6873,4
6874,3
6875,4
6876,3
6877,3
6878,3
6879,3
6880,0
6881,3
6882,3
6883,0
6884,3
6885,0
6886,4
6887,4
6888,4
6889,6
6890,6
6891,6
6892,6
6893,4
6894,6
6895,6
6896,4
6897,6
6898,6
6899,4
6900,6
6901,4
6902,6
6903,2
6904,6
6905,6
6906,6
6907,3
6908,6
6909,2
6910,6
6911,3
6912,1
6913,2
6914,2
6915,6
6916,6
6917,1
6918,5
6919,4
6920,4
6921,4
6922,4
6923,2
6924,4
6925,6
6926,4
6927,4
6928,4
6929,4
6930,3
6931,4
6932,4
6933,0
6934,4
6935,4
6936,4
6937,4
6938,4
6939,3
6940,4
6941,3
6942,4
6943,6
6944,6
6945,4
6946,6
6947,6
6948,6
6949,6
6950,4
6951,6
6952,3
6953,6
6954,3
6955,4
6956,4
6957,4
6958,0
6959,4
6960,2
6961,6
6962,4
6963,4
6964,4
6965,6
6966,6
6967,2
6968,4
6969,4
6970,3
6971,4
6972,3
6973,4
6974,4
6975,4
6976,6
6977,3
6978,6
6979,2
6980,5
6981,5
6982,5
6983,5
6984,5
6985,4
6986,5
6987,6
6988,4
6989,3
6990,5
6991,6
6992,5
6993,6
6994,3
6995,6
6996,3
6997,6
6998,6
6999,3
7000,0
7001,5
7002,4
7003,4
7004,4
7005,0
7006,4
7007,4
7008,6
7009,6
7010,4
7011,5
7012,4
7013,0
7014,3
7015,3
7016,5
7017,4
7018,3
7019,5
7020,3
7021,3
7022,3
7023,6
7024,6
7025,6
7026,3
7027,3
7028,5
7029,4
7030,2
7031,5
7032,6
7033,4
7034,0
7035,4
7036,4
7037,4
7038,4
7039,6
7040,4
7041,4
7042,4
7043,4
7044,4
7045,4
7046,4
7047,4
7048,1
7049,6
7050,6
7051,0
7052,0
7053,4
7054,4
7055,4
7056,4
7057,4
7058,0
7059,0
7060,0
7061,0
7062,4
7063,4
7064,4
7065,4
7066,4
7067,0
7068,0
7069,4
7070,0
7071,0
7072,4
7073,4
7074,4
7075,3
7076,3
7077,5
7078,5
7079,0
7080,5
7081,5
7082,5
7083,6
7084,6
7085,1
7086,5
7087,5
7088,5
7089,5
7090,4
7091,5
7092,5
7093,5
7094,5
7095,3
7096,3
7097,4
7098,5
7099,5
7100,5
7101,5
7102,4
7103,5
7104,5
7105,4
7106,3
7107,0
7108,4
7109,0
7110,0
7111,5
7112,0
7113,2
7114,0
7115,4
7116,5
7117,0
7118,4
7119,4
7120,4
7121,4
7122,4
7123,0
7124,0
7125,4
7126,4
7127,4
7128,4
7129,5
7130,0
7131,4
7132,4
7133,0
7134,4
7135,0
7136,2
7137,4
7138,0
7139,4
7140,4
7141,4
7142,0
7143,0
7144,4
7145,0
7146,0
7147,0
7148,3
7149,3
7150,6
7151,6
7152,4
7153,4
7154,3
7155,4
7156,3
7157,4
7158,4
7159,4
7160,3
7161,3
7162,0
7163,4
7164,4
7165,6
7166,4
7167,0
7168,0
7169,4
7170,0
7171,0
7172,3
7173,4
7174,3
7175,0
7176,3
7177,3
7178,3
7179,3
7180,0
7181,4
7182,4
7183,0
7184,4
7185,4
7186,4
7187,6
7188,3
7189,4
7190,4
7191,4
7192,3
7193,6
7194,4
7195,3
7196,3
7197,3
7198,3
7199,3
7200,3
7201,3
7202,3
7203,3
7204,3
7205,3
7206,6
7207,4
7208,4
7209,4
7210,3
7211,3
7212,6
7213,6
7214,4
7215,4
7216,4
7217,3
7218,6
7219,3
7220,4
7221,3
7222,4
7223,6
7224,4
7225,4
7226,4
7227,3
7228,3
7229,3
7230,6
7231,4
7232,4
7233,6
7234,4
7235,6
7236,4
7237,4
7238,4
7239,3
7240,4
7241,2
7242,4
7243,4
7244,4
7245,4
7246,0
7247,0
7248,4
7249,4
7250,3
7251,3
7252,6
7253,2
7254,4
7255,4
7256,6
7257,6
7258,4
7259,6
7260,3
7261,6
7262,4
7263,4
7264,4
7265,6
7266,4
7267,4
7268,4
7269,4
7270,6
7271,4
7272,4
7273,4
7274,4
7275,4
7276,6
7277,1
7278,1
7279,1
7280,0
7281,4
7282,6
7283,6
7284,3
7285,6
7286,4
7287,4
7288,4
7289,3
7290,0
7291,4
7292,4
7293,6
7294,6
7295,3
7296,6
7297,4
7298,4
7299,4
7300,3
7301,3
7302,3
7303,4
7304,4
7305,6
7306,4
7307,4
7308,4
7309,4
7310,2
7311,3
7312,4
7313,2
7314,3
7315,3
7316,4
7317,4
7318,3
7319,3
7320,4
7321,6
7322,3
7323,6
7324,3
7325,3
7326,4
7327,4
7328,4
7329,4
7330,4
7331,4
7332,4
7333,4
7334,4
7335,4
7336,6
7337,4
7338,4
7339,3
7340,4
7341,4
7342,4
7343,6
7344,4
7345,4
7346,3
7347,4
7348,4
7349,3
7350,2
7351,4
7352,4
7353,6
7354,2
7355,0
7356,4
7357,4
7358,4
7359,4
7360,4
7361,4
7362,6
7363,4
7364,4
7365,4
7366,4
7367,4
7368,4
7369,4
7370,6
7371,0
7372,0
7373,4
7374,3
7375,4
7376,1
7377,4
7378,4
7379,3
7380,3
7381,3
7382,4
7383,4
7384,4
7385,3
7386,3
7387,4
7388,4
7389,3
7390,3
7391,4
7392,3
7393,3
7394,4
7395,4
7396,3
7397,4
7398,4
7399,4
7400,3
7401,3
7402,4
7403,3
7404,3
7405,3
7406,5
7407,3
7408,4
7409,4
7410,0
7411,0
7412,0
7413,0
7414,0
7415,1
7416,0
7417,4
7418,1
7419,0
7420,1
7421,0
7422,1
7423,1
7424,0
7425,0
7426,0
7427,0
7428,0
7429,0
7430,1
7431,0
7432,0
7433,6
7434,0
7435,0
7436,0
7437,0
7438,0
7439,1
7440,0
7441,0
7442,0
7443,0
7444,0
7445,0
7446,1
7447,0
7448,0
7449,0
7450,4
7451,4
7452,4
7453,4
7454,0
7455,4
7456,4
7457,3
7458,3
7459,4
7460,0
7461,5
7462,4
7463,5
7464,5
7465,4
7466,4
7467,4
7468,4
7469,4
7470,1
7471,4
7472,4
7473,0
7474,0
7475,4
7476,4
7477,4
7478,1
7479,4
7480,4
7481,0
7482,0
7483,4
7484,4
7485,4
7486,3
7487,3
7488,4
7489,4
7490,4
7491,4
7492,4
7493,4
7494,4
7495,5
7496,1
7497,4
7498,4
7499,4
7500,0
7501,0
7502,4
7503,4
7504,6
7505,4
7506,4
7507,6
7508,4
7509,5
7510,4
7511,4
7512,4
7513,4
7514,4
7515,6
7516,4
7517,4
7518,3
7519,4
7520,1
7521,2
7522,0
7523,0
7524,3
7525,4
7526,3
7527,3
7528,3
7529,3
7530,6
7531,3
7532,3
7533,4
7534,6
7535,3
7536,3
7537,3
7538,3
7539,3
7540,3
7541,6
7542,6
7543,6
7544,3
7545,3
7546,1
7547,2
7548,0
7549,0
7550,3
7551,4
7552,4
7553,4
7554,4
7555,4
7556,3
7557,4
7558,4
7559,4
7560,4
7561,4
7562,4
7563,0
7564,4
7565,0
7566,4
7567,4
7568,4
7569,4
7570,4
7571,4
7572,4
7573,4
7574,4
7575,4
7576,6
7577,6
7578,4
7579,4
7580,4
7581,6
7582,4
7583,4
7584,4
7585,4
7586,3
7587,0
7588,4
7589,6
7590,4
7591,6
7592,4
7593,1
7594,4
7595,4
7596,4
7597,4
7598,6
7599,4
7600,6
7601,4
7602,4
7603,4
7604,6
7605,4
7606,4
7607,4
7608,6
7609,4
7610,6
7611,4
7612,6
7613,6
7614,4
7615,4
7616,4
7617,4
7618,3
7619,4
7620,3
7621,3
7622,3
7623,3
7624,3
7625,3
7626,3
7627,3
7628,3
7629,4
7630,3
7631,3
7632,3
7633,4
7634,3
7635,3
7636,3
7637,3
7638,3
7639,4
7640,4
7641,4
7642,4
7643,4
7644,4
7645,4
7646,4
7647,4
7648,4
7649,4
7650,4
7651,4
7652,4
7653,6
7654,4
7655,3
7656,3
7657,1
7658,6
7659,4
7660,3
7661,3
7662,4
7663,4
7664,6
7665,6
7666,4
7667,4
7668,4
7669,4
7670,4
7671,6
7672,2
7673,6
7674,0
7675,0
7676,0
7677,1
7678,1
7679,6
7680,4
7681,5
7682,5
7683,4
7684,4
7685,4
7686,4
7687,5
7688,5
7689,4
7690,3
7691,6
7692,6
7693,3
7694,3
7695,3
7696,3
7697,4
7698,4
7699,2
7700,4
7701,0
7702,0
7703,4
7704,0
7705,0
7706,4
7707,5
7708,4
7709,4
7710,0
7711,0
7712,5
7713,4
7714,0
7715,4
7716,6
7717,4
7718,6
7719,4
7720,6
7721,4
7722,4
7723,4
7724,4
7725,4
7726,4
7727,3
7728,4
7729,3
7730,4
7731,4
7732,3
7733,4
7734,3
7735,0
7736,0
7737,0
7738,4
7739,1
7740,0
7741,4
7742,0
7743,4
7744,4
7745,4
7746,4
7747,4
7748,6
7749,3
7750,5
7751,4
7752,4
7753,5
7754,5
7755,3
7756,4
7757,4
7758,4
7759,4
7760,4
7761,4
7762,3
7763,4
7764,4
7765,4
7766,4
7767,4
7768,4
7769,6
7770,4
7771,4
7772,4
7773,4
7774,4
7775,4
7776,4
7777,4
7778,4
7779,4
7780,4
7781,4
7782,4
7783,6
7784,6
7785,3
7786,3
7787,4
7788,4
7789,3
7790,4
7791,6
7792,4
7793,3
7794,4
7795,3
7796,3
7797,4
7798,3
7799,4
7800,4
7801,3
7802,4
7803,4
7804,4
7805,3
7806,4
7807,6
7808,4
7809,3
7810,3
7811,4
7812,4
7813,2
7814,4
7815,6
7816,4
7817,4
7818,4
7819,4
7820,4
7821,1
7822,6
7823,6
7824,6
7825,6
7826,4
7827,4
7828,6
7829,4
7830,4
7831,4
7832,3
7833,6
7834,4
7835,0
7836,4
7837,4
7838,3
7839,0
7840,3
7841,0
7842,4
7843,6
7844,0
7845,4
7846,3
7847,4
7848,4
7849,4
7850,5
7851,5
7852,4
7853,2
7854,4
7855,4
7856,4
7857,4
7858,4
7859,4
7860,3
7861,3
7862,6
7863,4
7864,4
7865,4
7866,3
7867,3
7868,3
7869,3
7870,4
7871,4
7872,4
7873,4
7874,4
7875,3
7876,4
7877,3
7878,0
7879,3
7880,4
7881,3
7882,3
7883,0
7884,4
7885,4
7886,4
7887,0
7888,3
7889,4
7890,4
7891,3
7892,4
7893,4
7894,4
7895,4
7896,4
7897,6
7898,3
7899,4
7900,0
7901,0
7902,0
7903,4
7904,6
7905,4
7906,6
7907,4
7908,3
7909,3
7910,4
7911,4
7912,4
7913,3
7914,3
7915,3
7916,4
7917,4
7918,4
7919,6
7920,4
7921,6
7922,4
7923,4
7924,4
7925,3
7926,4
7927,4
7928,4
7929,0
7930,0
7931,4
7932,1
7933,4
7934,4
7935,3
7936,4
7937,3
7938,4
7939,4
7940,1
7941,6
7942,6
7943,6
7944,4
7945,4
7946,4
7947,4
7948,6
7949,4
7950,4
7951,4
7952,4
7953,4
7954,4
7955,4
7956,4
7957,0
7958,6
7959,4
7960,1
7961,1
7962,1
7963,4
7964,4
7965,3
7966,3
7967,3
7968,2
7969,3
7970,6
7971,4
7972,5
7973,4
7974,3
7975,3
7976,3
7977,4
7978,4
7979,4
7980,3
7981,2
7982,3
7983,4
7984,4
7985,4
7986,4
7987,3
7988,4
7989,4
7990,3
7991,4
7992,4
7993,5
7994,1
7995,2
7996,0
7997,5
7998,4
7999,4
8000,4
8001,3
8002,6
8003,4
8004,4
8005,5
8006,3
8007,4
8008,6
8009,6
8010,3
8011,6
8012,4
8013,3
8014,3
8015,3
8016,3
8017,3
8018,3
8019,4
8020,4
8021,4
8022,3
8023,4
8024,4
8025,4
8026,6
8027,3
8028,4
8029,5
8030,4
8031,4
8032,3
8033,3
8034,4
8035,3
8036,4
8037,4
8038,4
8039,1
8040,4
8041,3
8042,4
8043,5
8044,3
8045,3
8046,4
8047,4
8048,1
8049,4
8050,4
8051,6
8052,3
8053,4
8054,2
8055,0
8056,3
8057,4
8058,4
8059,1
8060,6
8061,4
8062,6
8063,3
8064,2
8065,0
8066,3
8067,4
8068,4
8069,4
8070,4
8071,6
8072,6
8073,0
8074,4
8075,6
8076,3
8077,2
8078,0
8079,3
8080,4
8081,4
8082,0
8083,4
8084,4
8085,4
8086,1
8087,4
8088,6
8089,3
8090,2
8091,0
8092,3
8093,4
8094,4
8095,4
8096,4
8097,4
8098,6
8099,4
8100,4
8101,4
8102,4
8103,4
8104,4
8105,4
8106,4
8107,5
8108,4
8109,4
8110,4
8111,4
8112,4
8113,3
8114,4
8115,4
8116,4
8117,4
8118,4
8119,3
8120,4
8121,4
8122,4
8123,5
8124,5
8125,4
8126,4
8127,5
8128,4
8129,4
8130,4
8131,3
8132,4
8133,4
8134,4
8135,4
8136,4
8137,3
8138,4
8139,4
8140,5
8141,4
8142,4
8143,4
8144,4
8145,4
8146,3
8147,4
8148,4
8149,4
8150,4
8151,4
8152,3
8153,4
8154,4
8155,4
8156,4
8157,0
8158,5
8159,5
8160,3
8161,4
8162,3
8163,3
8164,4
8165,4
8166,4
8167,5
8168,6
8169,0
8170,6
8171,4
8172,4
8173,4
8174,4
8175,4
8176,0
8177,0
8178,5
8179,4
8180,4
8181,4
8182,4
8183,4
8184,5
8185,4
8186,4
8187,4
8188,3
8189,4
8190,3
8191,3
8192,4
8193,4
8194,4
8195,4
8196,4
8197,4
8198,4
8199,4
8200,5
8201,5
8202,5
8203,5
8204,0
8205,4
8206,0
8207,4
8208,4
8209,4
8210,4
8211,4
8212,3
8213,4
8214,6
8215,4
8216,4
8217,4
8218,6
8219,1
8220,4
8221,6
8222,3
8223,4
8224,6
8225,4
8226,4
8227,4
8228,6
8229,0
8230,4
8231,4
8232,4
8233,4
8234,4
8235,4
8236,4
8237,4
8238,4
8239,4
8240,4
8241,1
8242,4
8243,4
8244,6
8245,0
8246,4
8247,4
8248,4
8249,6
8250,1
8251,0
8252,4
8253,2
8254,0
8255,6
8256,0
8257,0
8258,4
8259,4
8260,4
8261,3
8262,3
8263,4
8264,3
8265,3
8266,5
8267,4
8268,3
8269,4
8270,3
8271,4
8272,5
8273,4
8274,3
8275,4
8276,4
8277,3
8278,3
8279,6
8280,4
8281,3
8282,0
8283,5
8284,0
8285,3
8286,4
8287,4
8288,0
8289,3
8290,0
8291,3
8292,3
8293,4
8294,3
8295,4
8296,5
8297,4
8298,4
8299,4
8300,4
8301,4
8302,4
8303,4
8304,4
8305,6
8306,3
8307,6
8308,6
8309,4
8310,4
8311,4
8312,0
8313,4
8314,0
8315,4
8316,6
8317,3
8318,6
8319,4
8320,3
8321,3
8322,4
8323,5
8324,2
8325,4
8326,0
8327,0
8328,4
8329,3
8330,3
8331,4
8332,4
8333,4
8334,4
8335,4
8336,4
8337,4
8338,6
8339,4
8340,4
8341,4
8342,4
8343,4
8344,4
8345,4
8346,4
8347,4
8348,4
8349,6
8350,6
8351,2
8352,4
8353,4
8354,4
8355,4
8356,6
8357,4
8358,4
8359,4
8360,4
8361,4
8362,4
8363,4
8364,4
8365,4
8366,4
8367,3
8368,4
8369,4
8370,4
8371,4
8372,4
8373,5
8374,6
8375,6
8376,5
8377,2
8378,5
8379,5
8380,5
8381,6
8382,5
8383,0
8384,6
8385,0
8386,4
8387,0
8388,6
8389,4
8390,3
8391,3
8392,4
8393,4
8394,4
8395,4
8396,4
8397,3
8398,4
8399,4
8400,4
8401,4
8402,4
8403,4
8404,4
8405,4
8406,6
8407,4
8408,6
8409,4
8410,3
8411,3
8412,4
8413,4
8414,4
8415,3
8416,3
8417,4
8418,4
8419,4
8420,4
8421,3
8422,4
8423,3
8424,3
8425,6
8426,4
8427,4
8428,4
8429,4
8430,4
8431,4
8432,3
8433,3
8434,6
8435,6
8436,3
8437,6
8438,3
8439,6
8440,6
8441,4
8442,2
8443,0
8444,0
8445,4
8446,3
8447,3
8448,3
8449,2
8450,0
8451,0
8452,3
8453,4
8454,2
8455,0
8456,0
8457,2
8458,0
8459,0
8460,0
8461,0
8462,4
8463,3
8464,6
8465,6
8466,3
8467,4
8468,3
8469,3
8470,3
8471,4
8472,4
8473,5
8474,5
8475,6
8476,3
8477,4
8478,5
8479,3
8480,3
8481,4
8482,4
8483,5
8484,5
8485,4
8486,4
8487,3
8488,4
8489,4
8490,4
8491,5
8492,5
8493,1
8494,1
8495,5
8496,4
8497,5
8498,4
8499,4
8500,4
8501,4
8502,4
8503,3
8504,3
8505,3
8506,3
8507,4
8508,4
8509,3
8510,4
8511,5
8512,4
8513,4
8514,4
8515,4
8516,4
8517,5
8518,4
8519,4
8520,4
8521,4
8522,4
8523,4
8524,4
8525,5
8526,4
8527,4
8528,4
8529,4
8530,4
8531,5
8532,4
8533,4
8534,4
8535,4
8536,4
8537,4
8538,4
8539,4
8540,4
8541,4
8542,4
8543,4
8544,4
8545,0
8546,1
8547,0
8548,5
8549,3
8550,4
8551,3
8552,4
8553,6
8554,4
8555,4
8556,4
8557,4
8558,6
8559,6
8560,6
8561,6
8562,4
8563,3
8564,4
8565,4
8566,4
8567,3
8568,4
8569,4
8570,4
8571,6
8572,3
8573,3
8574,3
8575,4
8576,4
8577,4
8578,4
8579,6
8580,4
8581,4
8582,3
8583,3
8584,6
8585,6
8586,3
8587,3
8588,6
8589,6
8590,6
8591,3
8592,3
8593,6
8594,6
8595,6
8596,6
8597,5
8598,4
8599,4
8600,4
8601,0
8602,0
8603,0
8604,0
8605,3
8606,4
8607,4
8608,5
8609,1
8610,2
8611,3
8612,2
8613,3
8614,0
8615,3
8616,4
8617,6
8618,4
8619,6
8620,0
8621,0
8622,0
8623,0
8624,3
8625,6
8626,3
8627,4
8628,3
8629,3
8630,6
8631,6
8632,6
8633,6
8634,6
8635,0
8636,4
8637,0
8638,1
8639,4
8640,5
8641,6
8642,5
8643,6
8644,0
8645,0
8646,0
8647,1
8648,0
8649,0
8650,4
8651,0
8652,4
8653,4
8654,1
8655,6
8656,1
8657,4
8658,4
8659,1
8660,0
8661,0
8662,4
8663,4
8664,4
8665,4
8666,0
8667,0
8668,0
8669,5
8670,4
8671,0
8672,4
8673,0
8674,5
8675,4
8676,4
8677,4
8678,3
8679,5
8680,4
8681,4
8682,4
8683,4
8684,4
8685,4
8686,6
8687,6
8688,6
8689,6
8690,4
8691,4
8692,0
8693,0
8694,0
8695,0
8696,4
8697,4
8698,3
8699,3
8700,4
8701,3
8702,3
8703,3
8704,3
8705,3
8706,3
8707,3
8708,3
8709,4
8710,4
8711,3
8712,6
8713,4
8714,4
8715,3
8716,3
8717,4
8718,3
8719,3
8720,3
8721,0
8722,4
8723,4
8724,4
8725,4
8726,4
8727,4
8728,4
8729,6
8730,6
8731,0
8732,0
8733,0
8734,3
8735,0
8736,4
8737,3
8738,3
8739,3
8740,3
8741,2
8742,4
8743,3
8744,6
8745,3
8746,2
8747,4
8748,6
8749,3
8750,3
8751,3
8752,3
8753,4
8754,3
8755,1
8756,4
8757,6
8758,6
8759,3
8760,4
8761,3
8762,0
8763,0
8764,0
8765,0
8766,4
8767,0
8768,0
8769,4
8770,5
8771,0
8772,0
8773,0
8774,0
8775,4
8776,6
8777,6
8778,4
8779,6
8780,4
8781,0
8782,4
8783,4
8784,5
8785,4
8786,4
8787,0
8788,4
8789,4
8790,4
8791,4
8792,3
8793,4
8794,4
8795,3
8796,4
8797,4
8798,3
8799,4
8800,4
8801,4
8802,3
8803,3
8804,2
8805,4
8806,0
8807,4
8808,4
8809,3
8810,4
8811,4
8812,0
8813,3
8814,4
8815,4
8816,4
8817,4
8818,4
8819,0
8820,4
8821,0
8822,4
8823,4
8824,4
8825,2
8826,3
8827,4
8828,2
8829,4
8830,4
8831,4
8832,4
8833,0
8834,3
8835,3
8836,5
8837,5
8838,6
8839,4
8840,3
8841,0
8842,4
8843,3
8844,4
8845,6
8846,6
8847,3
8848,3
8849,3
8850,3
8851,4
8852,4
8853,3
8854,3
8855,4
8856,6
8857,3
8858,3
8859,6
8860,2
8861,4
8862,4
8863,4
8864,4
8865,4
8866,4
8867,3
8868,3
8869,3
8870,3
8871,4
8872,4
8873,3
8874,5
8875,4
8876,3
8877,4
8878,6
8879,4
8880,3
8881,1
8882,3
8883,4
8884,4
8885,4
8886,4
8887,4
8888,4
8889,4
8890,4
8891,4
8892,4
8893,0
8894,4
8895,4
8896,4
8897,0
8898,4
8899,0
8900,4
8901,4
8902,4
8903,4
8904,4
8905,4
8906,4
8907,0
8908,4
8909,4
8910,4
8911,4
8912,4
8913,4
8914,4
8915,6
8916,6
8917,6
8918,6
8919,3
8920,6
8921,4
8922,4
8923,4
8924,4
8925,4
8926,4
8927,4
8928,3
8929,6
8930,4
8931,6
8932,4
8933,4
8934,4
8935,6
8936,3
8937,4
8938,4
8939,4
8940,4
8941,4
8942,4
8943,3
8944,4
8945,4
8946,4
8947,3
8948,4
8949,5
8950,6
8951,3
8952,4
8953,3
8954,3
8955,2
8956,4
8957,4
8958,4
8959,3
8960,4
8961,4
8962,4
8963,4
8964,4
8965,4
8966,3
8967,4
8968,4
8969,4
8970,0
8971,4
8972,4
8973,4
8974,4
8975,4
8976,3
8977,6
8978,3
8979,3
8980,5
8981,4
8982,4
8983,4
8984,2
8985,2
8986,2
8987,3
8988,4
8989,4
8990,6
8991,4
8992,4
8993,4
8994,6
8995,0
8996,4
8997,4
8998,4
8999,5
9000,4
9001,4
9002,4
9003,6
9004,0
9005,3
9006,4
9007,6
9008,6
9009,3
9010,6
9011,6
9012,0
9013,4
9014,4
9015,4
9016,3
9017,3
9018,4
9019,6
9020,6
9021,3
9022,3
9023,0
9024,3
9025,3
9026,4
9027,4
9028,5
9029,4
9030,0
9031,0
9032,6
9033,5
9034,3
9035,5
9036,6
9037,4
9038,4
9039,4
9040,4
9041,3
9042,3
9043,6
9044,3
9045,3
9046,6
9047,6
9048,0
9049,4
9050,2
9051,4
9052,3
9053,4
9054,3
9055,3
9056,2
9057,4
9058,4
9059,4
9060,4
9061,4
9062,4
9063,6
9064,6
9065,2
9066,0
9067,1
9068,1
9069,5
9070,4
9071,4
9072,4
9073,4
9074,6
9075,4
9076,0
9077,4
9078,0
9079,6
9080,4
9081,4
9082,0
9083,4
9084,0
9085,4
9086,4
9087,0
9088,0
9089,4
9090,4
9091,0
9092,4
9093,0
9094,0
9095,4
9096,6
9097,5
9098,6
9099,4
9100,3
9101,3
9102,4
9103,0
9104,3
9105,0
9106,6
9107,6
9108,4
9109,5
9110,3
9111,4
9112,4
9113,3
9114,6
9115,3
9116,4
9117,0
9118,3
9119,0
9120,4
9121,5
9122,5
9123,3
9124,4
9125,4
9126,3
9127,3
9128,3
9129,4
9130,4
9131,3
9132,3
9133,3
9134,4
9135,4
9136,3
9137,4
9138,3
9139,3
9140,6
9141,3
9142,3
9143,3
9144,3
9145,3
9146,3
9147,3
9148,4
9149,3
9150,4
9151,4
9152,3
9153,5
9154,1
9155,4
9156,4
9157,4
9158,4
9159,0
9160,4
9161,0
9162,0
9163,0
9164,4
9165,0
9166,3
9167,3
9168,3
9169,0
9170,4
9171,4
9172,6
9173,4
9174,4
9175,4
9176,5
9177,6
9178,4
9179,4
9180,4
9181,6
9182,4
9183,4
9184,4
9185,4
9186,4
9187,6
9188,4
9189,4
9190,4
9191,3
9192,0
9193,6
9194,0
9195,0
9196,0
9197,0
9198,0
9199,6
9200,4
9201,6
9202,4
9203,0
9204,0
9205,4
9206,4
9207,0
9208,4
9209,0
9210,4
9211,1
9212,1
9213,5
9214,3
9215,3
9216,0
9217,2
9218,6
9219,0
9220,0
9221,3
9222,0
9223,0
9224,3
9225,0
9226,0
9227,0
9228,0
9229,4
9230,0
9231,0
9232,0
9233,0
9234,0
9235,4
9236,4
9237,6
9238,3
9239,4
9240,4
9241,4
9242,4
9243,5
9244,4
9245,4
9246,5
9247,6
9248,0
9249,4
9250,3
9251,3
9252,4
9253,3
9254,4
9255,3
9256,0
9257,4
9258,0
9259,4
9260,3
9261,0
9262,0
9263,0
9264,3
9265,4
9266,4
9267,5
9268,4
9269,3
9270,2
9271,4
9272,4
9273,4
9274,0
9275,4
9276,6
9277,5
9278,4
9279,0
9280,6
9281,3
9282,4
9283,4
9284,6
9285,3
9286,3
9287,5
9288,2
9289,2
9290,6
9291,4
9292,0
9293,0
9294,4
9295,4
9296,0
9297,4
9298,0
9299,1
9300,0
9301,0
9302,0
9303,0
9304,0
9305,0
9306,5
9307,0
9308,2
9309,4
9310,4
9311,4
9312,4
9313,4
9314,4
9315,4
9316,4
9317,4
9318,4
9319,4
9320,4
9321,4
9322,4
9323,4
9324,0
9325,6
9326,4
9327,4
9328,0
9329,6
9330,0
9331,4
9332,4
9333,0
9334,5
9335,0
9336,0
9337,3
9338,3
9339,3
9340,3
9341,3
9342,3
9343,3
9344,4
9345,4
9346,3
9347,3
9348,3
9349,3
9350,3
9351,3
9352,3
9353,3
9354,3
9355,3
9356,4
9357,4
9358,4
9359,1
9360,1
9361,4
9362,5
9363,5
9364,2
9365,4
9366,4
9367,3
9368,4
9369,4
9370,4
9371,6
9372,6
9373,4
9374,4
9375,4
9376,6
9377,6
9378,4
9379,4
9380,6
9381,4
9382,3
9383,4
9384,4
9385,4
9386,3
9387,4
9388,6
9389,6
9390,4
9391,4
9392,3
9393,4
9394,4
9395,4
9396,3
9397,4
9398,4
9399,4
9400,4
9401,4
9402,4
9403,3
9404,3
9405,3
9406,3
9407,4
9408,4
9409,4
9410,4
9411,4
9412,3
9413,4
9414,4
9415,4
9416,4
9417,3
9418,4
9419,4
9420,4
9421,4
9422,4
9423,3
9424,3
9425,3
9426,4
9427,4
9428,4
9429,4
9430,3
9431,6
9432,6
9433,4
9434,4
9435,3
9436,6
9437,6
9438,4
9439,3
9440,4
9441,4
9442,6
9443,5
9444,0
9445,4
9446,4
9447,4
9448,6
9449,4
9450,4
9451,6
9452,6
9453,4
9454,4
9455,0
9456,4
9457,5
9458,6
9459,5
9460,5
9461,4
9462,4
9463,3
9464,4
9465,4
9466,6
9467,4
9468,4
9469,3
9470,3
9471,2
9472,4
9473,2
9474,3
9475,2
9476,2
9477,6
9478,4
9479,3
9480,3
9481,3
9482,3
9483,3
9484,4
9485,4
9486,5
9487,4
9488,5
9489,4
9490,0
9491,4
9492,0
9493,0
9494,0
9495,0
9496,4
9497,4
9498,4
9499,4
9500,4
9501,4
9502,4
9503,4
9504,4
9505,4
9506,4
9507,2
9508,3
9509,4
9510,4
9511,4
9512,3
9513,3
9514,3
9515,2
9516,4
9517,2
9518,2
9519,0
9520,3
9521,6
9522,3
9523,3
9524,5
9525,4
9526,3
9527,4
9528,3
9529,4
9530,3
9531,3
9532,4
9533,4
9534,4
9535,4
9536,3
9537,4
9538,4
9539,5
9540,4
9541,3
9542,4
9543,4
9544,4
9545,4
9546,6
9547,3
9548,3
9549,3
9550,4
9551,4
9552,3
9553,3
9554,4
9555,3
9556,3
9557,6
9558,1
9559,4
9560,0
9561,4
9562,6
9563,3
9564,6
9565,6
9566,6
9567,6
9568,5
9569,5
9570,5
9571,3
9572,6
9573,0
9574,5
9575,3
9576,6
9577,5
9578,5
9579,5
9580,3
9581,4
9582,4
9583,3
9584,3
9585,3
9586,0
9587,3
9588,3
9589,3
9590,3
9591,0
9592,3
9593,3
9594,3
9595,3
9596,3
9597,3
9598,3
9599,3
9600,3
9601,0
9602,3
9603,3
9604,3
9605,0
9606,0
9607,0
9608,0
9609,0
9610,5
9611,0
9612,5
9613,0
9614,0
9615,4
9616,0
9617,6
9618,6
9619,4
9620,4
9621,4
9622,4
9623,0
9624,0
9625,4
9626,5
9627,6
9628,4
9629,4
9630,6
9631,2
9632,6
9633,4
9634,4
9635,4
9636,3
9637,3
9638,2
9639,3
9640,2
9641,4
9642,3
9643,3
9644,3
9645,5
9646,4
9647,4
9648,4
9649,4
9650,4
9651,4
9652,6
9653,4
9654,4
9655,3
9656,4
9657,6
9658,5
9659,5
9660,5
9661,1
9662,4
9663,4
9664,2
9665,5
9666,5
9667,5
9668,6
9669,2
9670,2
9671,4
9672,4
9673,4
9674,4
9675,4
9676,2
9677,2
9678,4
9679,4
9680,2
9681,4
9682,4
9683,4
9684,4
9685,4
9686,4
9687,2
9688,4
9689,0
9690,0
9691,3
9692,3
9693,4
9694,3
9695,4
9696,0
9697,5
9698,5
9699,6
9700,3
9701,3
9702,3
9703,6
9704,3
9705,3
9706,3
9707,0
9708,2
9709,4
9710,3
9711,0
9712,5
9713,0
9714,1
9715,0
9716,0
9717,5
9718,3
9719,4
9720,4
9721,3
9722,6
9723,3
9724,0
9725,4
9726,6
9727,6
9728,3
9729,3
9730,4
9731,5
9732,5
9733,4
9734,2
9735,4
9736,3
9737,4
9738,5
9739,3
9740,6
9741,4
9742,3
9743,6
9744,2
9745,4
9746,3
9747,6
9748,4
9749,4
9750,4
9751,0
9752,1
9753,4
9754,4
9755,4
9756,4
9757,4
9758,3
9759,3
9760,3
9761,3
9762,3
9763,3
9764,3
9765,3
9766,3
9767,4
9768,4
9769,6
9770,0
9771,3
9772,4
9773,4
9774,0
9775,2
9776,6
9777,5
9778,2
9779,2
9780,2
9781,4
9782,3
9783,4
9784,4
9785,5
9786,5
9787,2
9788,2
9789,2
9790,4
9791,3
9792,4
9793,4
9794,4
9795,6
9796,4
9797,3
9798,4
9799,3
9800,3
9801,5
9802,4
9803,4
9804,6
9805,3
9806,4
9807,4
9808,4
9809,4
9810,4
9811,6
9812,3
9813,4
9814,4
9815,3
9816,2
9817,3
9818,4
9819,3
9820,4
9821,4
9822,4
9823,3
9824,3
9825,0
9826,3
9827,3
9828,4
9829,4
9830,3
9831,3
9832,4
9833,4
9834,4
9835,4
9836,6
9837,4
9838,0
9839,4
9840,5
9841,4
9842,4
9843,6
9844,6
9845,4
9846,4
9847,4
9848,4
9849,3
9850,3
9851,4
9852,3
9853,4
9854,4
9855,4
9856,4
9857,5
9858,5
9859,5
9860,5
9861,4
9862,3
9863,4
9864,0
9865,4
9866,4
9867,5
9868,4
9869,4
9870,6
9871,4
9872,4
9873,4
9874,0
9875,4
9876,4
9877,5
9878,6
9879,0
9880,4
9881,4
9882,4
9883,1
9884,3
9885,4
9886,4
9887,4
9888,5
9889,4
9890,6
9891,4
9892,4
9893,4
9894,4
9895,4
9896,4
9897,0
9898,4
9899,4
9900,4
9901,2
9902,4
9903,4
9904,4
9905,4
9906,1
9907,4
9908,4
9909,3
9910,3
9911,3
9912,4
9913,4
9914,6
9915,5
9916,3
9917,4
9918,3
9919,3
9920,4
9921,4
9922,4
9923,3
9924,3
9925,3
9926,6
9927,4
9928,6
9929,3
9930,3
9931,3
9932,4
9933,4
9934,3
9935,3
9936,4
9937,4
9938,3
9939,3
9940,3
9941,6
9942,6
9943,6
9944,3
9945,3
9946,6
9947,4
9948,4
9949,4
9950,4
9951,4
9952,6
9953,4
9954,3
9955,3
9956,6
9957,4
9958,4
9959,4
9960,3
9961,6
9962,4
9963,3
9964,3
9965,4
9966,4
9967,4
9968,4
9969,3
9970,4
9971,4
9972,5
9973,4
9974,4
9975,4
9976,4
9977,3
9978,3
9979,6
9980,6
9981,3
9982,6
9983,4
9984,1
9985,3
9986,6
9987,1
9988,4
9989,4
9990,4
9991,3
9992,3
9993,4
9994,4
9995,6
9996,3
9997,3
9998,6
9999,4
10000,4
10001,3
10002,3
10003,3
10004,4
10005,4
10006,3
10007,5
10008,4
10009,3
10010,4
10011,4
10012,4
10013,2
10014,4
10015,4
10016,3
10017,3
10018,3
10019,2
10020,3
10021,4
10022,0
10023,3
10024,1
10025,0
10026,0
10027,6
10028,0
10029,0
10030,4
10031,0
10032,4
10033,0
10034,4
10035,1
10036,4
10037,4
10038,4
10039,4
10040,0
10041,0
10042,3
10043,0
10044,0
10045,0
10046,4
10047,0
10048,0
10049,0
10050,5
10051,3
10052,0
10053,4
10054,4
10055,6
10056,4
10057,4
10058,4
10059,4
10060,3
10061,3
10062,4
10063,3
10064,0
10065,4
10066,4
10067,6
10068,3
10069,3
10070,5
10071,4
10072,3
10073,0
10074,6
10075,4
10076,4
10077,0
10078,3
10079,3
10080,4
10081,0
10082,0
10083,0
10084,0
10085,4
10086,6
10087,4
10088,4
10089,3
10090,4
10091,4
10092,4
10093,6
10094,4
10095,4
10096,4
10097,4
10098,4
10099,4
10100,4
10101,4
10102,4
10103,4
10104,4
10105,4
10106,5
10107,4
10108,0
10109,4
10110,0
10111,1
10112,0
10113,0
10114,4
10115,4
10116,6
10117,0
10118,4
10119,0
10120,4
10121,6
10122,6
10123,4
10124,4
10125,4
10126,6
10127,6
10128,4
10129,6
10130,0
10131,0
10132,4
10133,3
10134,4
10135,3
10136,3
10137,0
10138,0
10139,4
10140,4
10141,3
10142,4
10143,6
10144,4
10145,1
10146,0
10147,1
10148,1
10149,1
10150,1
10151,3
10152,3
10153,4
10154,4
10155,4
10156,4
10157,2
10158,3
10159,4
10160,4
10161,6
10162,4
10163,6
10164,4
10165,4
10166,5
10167,2
10168,4
10169,4
10170,4
10171,0
10172,4
10173,5
10174,0
10175,0
10176,5
10177,5
10178,4
10179,3
10180,4
10181,4
10182,4
10183,0
10184,0
10185,4
10186,0
10187,4
10188,4
10189,4
10190,4
10191,0
10192,5
10193,4
10194,4
10195,4
10196,4
10197,3
10198,4
10199,4
10200,4
10201,4
10202,4
10203,5
10204,5
10205,5
10206,4
10207,3
10208,4
10209,6
10210,6
10211,5
10212,0
10213,4
10214,4
10215,5
10216,5
10217,0
10218,4
10219,4
10220,5
10221,4
10222,4
10223,4
10224,4
10225,4
10226,4
10227,4
10228,0
10229,5
10230,4
10231,4
10232,4
10233,4
10234,4
10235,0
10236,6
10237,6
10238,5
10239,4
10240,4
10241,4
10242,4
10243,4
10244,4
10245,4
10246,4
10247,4
10248,5
10249,2
10250,4
10251,3
10252,3
10253,4
10254,3
10255,4
10256,4
10257,4
10258,4
10259,5
10260,2
10261,4
10262,3
10263,3
10264,3
10265,3
10266,0
10267,3
10268,0
10269,4
10270,4
10271,4
10272,5
10273,2
10274,4
10275,3
10276,3
10277,0
10278,3
10279,0
10280,4
10281,4
10282,4
10283,4
10284,5
10285,2
10286,4
10287,3
10288,3
10289,3
10290,4
10291,6
10292,4
10293,4
10294,4
10295,5
10296,2
10297,4
10298,3
10299,3
10300,6
10301,4
10302,4
10303,2
10304,4
10305,3
10306,4
10307,3
10308,4
10309,3
10310,4
10311,2
10312,4
10313,3
10314,3
10315,3
10316,4
10317,4
10318,4
10319,4
10320,4
10321,3
10322,3
10323,3
10324,3
10325,3
10326,3
10327,4
10328,4
10329,4
10330,6
10331,5
10332,6
10333,6
10334,6
10335,5
10336,6
10337,4
10338,6
10339,3
10340,3
10341,3
10342,3
10343,3
10344,3
10345,1
10346,4
10347,4
10348,0
10349,3
10350,4
10351,3
10352,0
10353,3
10354,3
10355,4
10356,4
10357,4
10358,6
10359,4
10360,3
10361,4
10362,6
10363,4
10364,4
10365,4
10366,3
10367,4
10368,4
10369,4
10370,4
10371,3
10372,4
10373,4
10374,3
10375,4
10376,4
10377,4
10378,4
10379,3
10380,4
10381,4
10382,4
10383,0
10384,5
10385,0
10386,5
10387,3
10388,4
10389,0
10390,0
10391,0
10392,6
10393,0
10394,0
10395,3
10396,0
10397,2
10398,4
10399,4
10400,0
10401,0
10402,0
10403,4
10404,4
10405,3
10406,0
10407,4
10408,3
10409,3
10410,0
10411,3
10412,3
10413,5
10414,6
10415,2
10416,4
10417,4
10418,5
10419,5
10420,6
10421,3
10422,6
10423,4
10424,4
10425,4
10426,4
10427,4
10428,4
10429,4
10430,4
10431,4
10432,4
10433,6
10434,4
10435,4
10436,4
10437,4
10438,4
10439,4
10440,4
10441,4
10442,3
10443,6
10444,6
10445,4
10446,4
10447,4
10448,4
10449,4
10450,4
10451,4
10452,4
10453,4
10454,3
10455,4
10456,4
10457,4
10458,4
10459,4
10460,4
10461,4
10462,4
10463,4
10464,4
10465,4
10466,4
10467,4
10468,6
10469,4
10470,6
10471,4
10472,6
10473,4
10474,6
10475,4
10476,2
10477,4
10478,4
10479,4
10480,4
10481,4
10482,4
10483,6
10484,4
10485,1
10486,4
10487,6
10488,3
10489,1
10490,5
10491,5
10492,4
10493,4
10494,6
10495,1
10496,3
10497,3
10498,3
10499,5
10500,5
10501,6
10502,4
10503,5
10504,0
10505,6
10506,6
10507,4
10508,4
10509,0
10510,6
10511,4
10512,0
10513,4
10514,4
10515,6
10516,4
10517,6
10518,1
10519,3
10520,3
10521,3
10522,4
10523,4
10524,6
10525,1
10526,3
10527,3
10528,3
10529,4
10530,4
10531,6
10532,6
10533,4
10534,4
10535,4
10536,4
10537,4
10538,3
10539,4
10540,4
10541,4
10542,3
10543,4
10544,4
10545,4
10546,6
10547,4
10548,4
10549,4
10550,3
10551,0
10552,4
10553,0
10554,4
10555,0
10556,5
10557,3
10558,4
10559,6
10560,4
10561,3
10562,0
10563,5
10564,3
10565,4
10566,4
10567,4
10568,3
10569,3
10570,0
10571,4
10572,4
10573,4
10574,4
10575,4
10576,0
10577,2
10578,0
10579,6
10580,3
10581,4
10582,0
10583,0
10584,4
10585,4
10586,4
10587,6
10588,6
10589,0
10590,0
10591,0
10592,3
10593,1
10594,1
10595,6
10596,0
10597,0
10598,4
10599,2
10600,4
10601,4
10602,2
10603,1
10604,1
10605,0
10606,0
10607,4
10608,4
10609,4
10610,1
10611,1
10612,0
10613,0
10614,0
10615,3
10616,1
10617,1
10618,4
10619,4
10620,4
10621,4
10622,4
10623,4
10624,4
10625,4
10626,4
10627,4
10628,4
10629,4
10630,4
10631,5
10632,4
10633,4
10634,4
10635,4
10636,4
10637,4
10638,4
10639,4
10640,4
10641,5
10642,5
10643,6
10644,3
10645,4
10646,4
10647,4
10648,4
10649,3
10650,6
10651,4
10652,4
10653,4
10654,4
10655,4
10656,4
10657,4
10658,4
10659,4
10660,3
10661,4
10662,6
10663,0
10664,6
10665,5
10666,5
10667,0
10668,5
10669,0
10670,5
10671,6
10672,5
10673,5
10674,0
10675,5
10676,0
10677,5
10678,5
10679,5
10680,0
10681,5
10682,0
10683,5
10684,0
10685,5
10686,0
10687,4
10688,5
10689,5
10690,5
10691,0
10692,4
10693,4
10694,5
10695,5
10696,0
10697,4
10698,4
10699,4
10700,3
10701,4
10702,6
10703,6
10704,0
10705,6
10706,0
10707,0
10708,4
10709,4
10710,0
10711,3
10712,0
10713,0
10714,0
10715,6
10716,3
10717,6
10718,3
10719,3
10720,3
10721,3
10722,4
10723,4
10724,4
10725,4
10726,4
10727,4
10728,4
10729,6
10730,4
10731,3
10732,4
10733,4
10734,4
10735,4
10736,4
10737,4
10738,4
10739,4
10740,4
10741,3
10742,3
10743,3
10744,6
10745,0
10746,4
10747,6
10748,4
10749,6
10750,4
10751,6
10752,0
10753,6
10754,6
10755,1
10756,5
10757,0
10758,4
10759,6
10760,4
10761,4
10762,3
10763,4
10764,4
10765,4
10766,0
10767,0
10768,3
10769,3
10770,4
10771,4
10772,4
10773,3
10774,4
10775,3
10776,4
10777,4
10778,4
10779,4
10780,3
10781,3
10782,1
10783,4
10784,4
10785,2
10786,4
10787,4
10788,3
10789,3
10790,3
10791,3
10792,1
10793,4
10794,4
10795,6
10796,3
10797,3
10798,3
10799,3
10800,1
10801,4
10802,4
10803,3
10804,4
10805,4
10806,3
10807,4
10808,4
10809,4
10810,2
10811,6
10812,4
10813,6
10814,4
10815,6
10816,4
10817,0
10818,0
10819,6
10820,6
10821,6
10822,4
10823,0
10824,4
10825,4
10826,5
10827,0
10828,0
10829,3
10830,3
10831,0
10832,0
10833,4
10834,4
10835,3
10836,4
10837,4
10838,4
10839,4
10840,4
10841,4
10842,4
10843,3
10844,4
10845,3
10846,0
10847,3
10848,4
10849,4
10850,4
10851,4
10852,4
10853,6
10854,4
10855,4
10856,4
10857,4
10858,6
10859,3
10860,4
10861,6
10862,6
10863,6
10864,3
10865,3
10866,3
10867,4
10868,4
10869,4
10870,4
10871,4
10872,4
10873,6
10874,4
10875,4
10876,4
10877,4
10878,4
10879,4
10880,4
10881,4
10882,3
10883,3
10884,5
10885,4
10886,4
10887,0
10888,6
10889,4
10890,4
10891,3
10892,3
10893,4
10894,1
10895,3
10896,3
10897,4
10898,4
10899,4
10900,4
10901,0
10902,3
10903,3
10904,3
10905,3
10906,3
10907,1
10908,5
10909,5
10910,3
10911,4
10912,4
10913,4
10914,4
10915,0
10916,3
10917,4
10918,3
10919,3
10920,3
10921,3
10922,3
10923,3
10924,2
10925,4
10926,0
10927,6
10928,0
10929,6
10930,4
10931,4
10932,4
10933,0
10934,5
10935,4
10936,4
10937,4
10938,4
10939,0
10940,5
10941,4
10942,4
10943,5
10944,5
10945,4
10946,6
10947,4
10948,0
10949,4
10950,5
10951,4
10952,4
10953,5
10954,4
10955,4
10956,4
10957,4
10958,5
10959,4
10960,4
10961,4
10962,4
10963,3
10964,3
10965,4
10966,4
10967,6
10968,4
10969,3
10970,3
10971,3
10972,4
10973,1
10974,4
10975,4
10976,4
10977,4
10978,4
10979,4
10980,3
10981,4
10982,4
10983,3
10984,3
10985,4
10986,4
10987,3
10988,6
10989,4
10990,4
10991,4
10992,0
10993,4
10994,4
10995,6
10996,0
10997,1
10998,4
10999,4
11000,4
11001,0
11002,2
11003,6
11004,4
11005,5
11006,5
11007,6
11008,4
11009,5
11010,0
11011,6
11012,6
11013,3
11014,3
11015,4
11016,4
11017,4
11018,4
11019,4
11020,4
11021,4
11022,4
11023,4
11024,4
11025,0
11026,0
11027,4
11028,4
11029,4
11030,4
11031,4
11032,4
11033,3
11034,3
11035,3
11036,3
11037,3
11038,3
11039,3
11040,3
11041,3
11042,3
11043,0
11044,0
11045,3
11046,4
11047,3
11048,3
11049,0
11050,4
11051,4
11052,5
11053,5
11054,1
11055,3
11056,3
11057,4
11058,4
11059,5
11060,5
11061,1
11062,3
11063,0
11064,5
11065,4
11066,4
11067,0
11068,0
11069,1
11070,1
11071,3
11072,3
11073,0
11074,3
11075,3
11076,3
11077,3
11078,3
11079,4
11080,4
11081,3
11082,3
11083,3
11084,3
11085,4
11086,4
11087,4
11088,4
11089,3
11090,4
11091,3
11092,3
11093,3
11094,3
11095,1
11096,0
11097,4
11098,1
11099,3
11100,4
11101,4
11102,4
11103,4
11104,4
11105,6
11106,6
11107,4
11108,0
11109,4
11110,0
11111,0
11112,0
11113,6
11114,0
11115,6
11116,1
11117,4
11118,0
11119,2
11120,4
11121,2
11122,4
11123,4
11124,6
11125,6
11126,4
11127,6
11128,4
11129,6
11130,0
11131,4
11132,4
11133,4
11134,4
11135,3
11136,0
11137,0
11138,0
11139,6
11140,3
11141,4
11142,4
11143,4
11144,4
11145,4
11146,4
11147,4
11148,4
11149,4
11150,4
11151,4
11152,3
11153,3
11154,4
11155,6
11156,4
11157,4
11158,3
11159,3
11160,3
11161,3
11162,6
11163,6
11164,4
11165,4
11166,3
11167,3
11168,3
11169,3
11170,3
11171,3
11172,3
11173,3
11174,3
11175,3
11176,4
11177,4
11178,3
11179,3
11180,3
11181,3
11182,3
11183,3
11184,2
11185,6
11186,4
11187,4
11188,4
11189,4
11190,1
11191,0
11192,4
11193,0
11194,0
11195,4
11196,4
11197,4
11198,4
11199,3
11200,4
11201,4
11202,3
11203,3
11204,4
11205,4
11206,3
11207,4
11208,4
11209,4
11210,4
11211,4
11212,4
11213,4
11214,2
11215,2
11216,2
11217,2
11218,4
11219,4
11220,4
11221,4
11222,2
11223,2
11224,4
11225,2
11226,3
11227,4
11228,3
11229,3
11230,4
11231,4
11232,3
11233,4
11234,6
11235,4
11236,3
11237,4
11238,2
11239,5
11240,4
11241,4
11242,4
11243,6
11244,0
11245,4
11246,0
11247,5
11248,0
11249,0
11250,5
11251,4
11252,4
11253,4
11254,4
11255,0
11256,4
11257,6
11258,4
11259,5
11260,6
11261,4
11262,6
11263,4
11264,6
11265,2
11266,6
11267,5
11268,1
11269,5
11270,2
11271,5
11272,5
11273,5
11274,0
11275,3
11276,4
11277,4
11278,5
11279,4
11280,6
11281,4
11282,4
11283,4
11284,4
11285,5
11286,5
11287,2
11288,3
11289,5
11290,1
11291,6
11292,4
11293,3
11294,0
11295,0
11296,4
11297,5
11298,3
11299,3
11300,3
11301,4
11302,4
11303,4
11304,5
11305,5
11306,4
11307,4
11308,4
11309,4
11310,3
11311,4
11312,3
11313,4
11314,4
11315,4
11316,4
11317,4
11318,3
11319,4
11320,3
11321,4
11322,4
11323,5
11324,5
11325,4
11326,0
11327,5
11328,4
11329,4
11330,4
11331,4
11332,3
11333,4
11334,4
11335,0
11336,5
11337,4
11338,4
11339,3
11340,4
11341,4
11342,4
11343,3
11344,3
11345,4
11346,4
11347,6
11348,4
11349,4
11350,6
11351,4
11352,6
11353,1
11354,4
11355,4
11356,3
11357,0
11358,4
11359,3
11360,0
11361,4
11362,4
11363,4
11364,4
11365,4
11366,4
11367,3
11368,4
11369,4
11370,4
11371,4
11372,4
11373,4
11374,4
11375,4
11376,0
11377,4
11378,4
11379,4
11380,3
11381,4
11382,4
11383,3
11384,4
11385,4
11386,4
11387,0
11388,4
11389,3
11390,0
11391,4
11392,4
11393,0
11394,3
11395,4
11396,4
11397,4
11398,3
11399,3
11400,0
11401,2
11402,0
11403,0
11404,0
11405,4
11406,0
11407,4
11408,3
11409,4
11410,4
11411,3
11412,3
11413,3
11414,4
11415,4
11416,0
11417,5
11418,4
11419,4
11420,3
11421,3
11422,4
11423,0
11424,0
11425,4
11426,4
11427,4
11428,4
11429,4
11430,4
11431,6
11432,0
11433,5
11434,6
11435,4
11436,4
11437,4
11438,4
11439,4
11440,4
11441,4
11442,4
11443,4
11444,4
11445,4
11446,6
11447,4
11448,4
11449,0
11450,4
11451,5
11452,4
11453,4
11454,5
11455,0
11456,3
11457,3
11458,4
11459,4
11460,3
11461,4
11462,4
11463,6
11464,4
11465,6
11466,4
11467,4
11468,2
11469,2
11470,5
11471,4
11472,5
11473,5
11474,5
11475,6
11476,5
11477,5
11478,0
11479,0
11480,5
11481,5
11482,0
11483,3
11484,0
11485,4
11486,4
11487,2
11488,6
11489,3
11490,6
11491,3
11492,5
11493,5
11494,4
11495,5
11496,6
11497,6
11498,3
11499,3
11500,4
11501,4
11502,4
11503,6
11504,3
11505,5
11506,3
11507,4
11508,4
11509,6
11510,6
11511,3
11512,5
11513,6
11514,3
11515,5
11516,4
11517,3
11518,3
11519,4
11520,4
11521,3
11522,4
11523,4
11524,4
11525,3
11526,4
11527,4
11528,4
11529,6
11530,4
11531,4
11532,4
11533,4
11534,4
11535,4
11536,4
11537,4
11538,4
11539,4
11540,3
11541,3
11542,4
11543,6
11544,6
11545,4
11546,6
11547,4
11548,6
11549,4
11550,4
11551,4
11552,4
11553,0
11554,4
11555,4
11556,4
11557,6
11558,4
11559,0
11560,4
11561,6
11562,4
11563,4
11564,0
11565,1
11566,5
11567,5
11568,3
11569,5
11570,1
11571,0
11572,3
11573,3
11574,5
11575,1
11576,0
11577,2
11578,0
11579,4
11580,3
11581,3
11582,4
11583,3
11584,4
11585,4
11586,4
11587,6
11588,4
11589,6
11590,4
11591,4
11592,3
11593,0
11594,3
11595,0
11596,4
11597,0
11598,3
11599,0
11600,3
11601,3
11602,6
11603,4
11604,6
11605,4
11606,3
11607,3
11608,1
11609,3
11610,0
11611,1
11612,3
11613,0
11614,3
11615,3
11616,4
11617,4
11618,4
11619,4
11620,4
11621,4
11622,4
11623,4
11624,3
11625,4
11626,4
11627,4
11628,3
11629,6
11630,3
11631,3
11632,3
11633,3
11634,3
11635,3
11636,4
11637,4
11638,4
11639,4
11640,4
11641,5
11642,4
11643,3
11644,3
11645,4
11646,5
11647,4
11648,4
11649,4
11650,3
11651,4
11652,4
11653,3
11654,3
11655,4
11656,4
11657,6
11658,5
11659,4
11660,4
11661,5
11662,0
11663,1
11664,0
11665,3
11666,5
11667,3
11668,3
11669,3
11670,3
11671,3
11672,3
11673,4
11674,0
11675,1
11676,5
11677,0
11678,3
11679,3
11680,3
11681,3
11682,3
11683,3
11684,3
11685,3
11686,3
11687,0
11688,1
11689,3
11690,3
11691,3
11692,3
11693,3
11694,3
11695,0
11696,6
11697,4
11698,4
11699,3
11700,3
11701,4
11702,4
11703,4
11704,1
11705,4
11706,4
11707,4
11708,4
11709,4
11710,6
11711,4
11712,0
11713,5
11714,4
11715,4
11716,2
11717,5
11718,0
11719,4
11720,6
11721,6
11722,6
11723,4
11724,4
11725,4
11726,5
11727,4
11728,4
11729,3
11730,4
11731,4
11732,4
11733,5
11734,5
11735,6
11736,6
11737,0
11738,0
11739,0
11740,4
11741,0
11742,0
11743,6
11744,4
11745,6
11746,4
11747,0
11748,4
11749,4
11750,4
11751,4
11752,4
11753,4
11754,4
11755,4
11756,4
11757,6
11758,4
11759,4
11760,4
11761,0
11762,4
11763,4
11764,4
11765,4
11766,4
11767,4
11768,6
11769,5
11770,5
11771,4
11772,5
11773,4
11774,4
11775,3
11776,4
11777,4
11778,4
11779,4
11780,3
11781,0
11782,4
11783,4
11784,1
11785,1
11786,1
11787,0
11788,6
11789,4
11790,0
11791,4
11792,4
11793,0
11794,4
11795,0
11796,0
11797,6
11798,5
11799,5
11800,4
11801,5
11802,6
11803,5
11804,4
11805,4
11806,4
11807,6
11808,3
11809,4
11810,3
11811,3
11812,3
11813,4
11814,0
11815,6
11816,0
11817,0
11818,0
11819,4
11820,0
11821,4
11822,0
11823,1
11824,4
11825,3
11826,3
11827,4
11828,6
11829,4
11830,6
11831,5
11832,5
11833,0
11834,5
11835,1
11836,5
11837,4
11838,4
11839,5
11840,5
11841,4
11842,2
11843,4
11844,4
11845,3
11846,3
11847,4
11848,4
11849,6
11850,3
11851,6
11852,6
11853,6
11854,6
11855,6
11856,4
11857,6
11858,6
11859,6
11860,4
11861,4
11862,6
11863,6
11864,6
11865,6
11866,3
11867,4
11868,3
11869,3
11870,6
11871,6
11872,4
11873,6
11874,6
11875,6
11876,4
11877,4
11878,6
11879,5
11880,4
11881,3
11882,5
11883,6
11884,0
11885,4
11886,4
11887,3
11888,3
11889,4
11890,3
11891,4
11892,3
11893,4
11894,4
11895,5
11896,0
11897,4
11898,4
11899,3
11900,4
11901,4
11902,4
11903,3
11904,5
11905,3
11906,3
11907,6
11908,4
11909,4
11910,4
11911,4
11912,4
11913,3
11914,0
11915,5
11916,4
11917,4
11918,4
11919,4
11920,5
11921,3
11922,5
11923,4
11924,4
11925,3
11926,4
11927,1
11928,4
11929,4
11930,4
11931,4
11932,4
11933,3
11934,4
11935,4
11936,4
11937,3
11938,4
11939,4
11940,4
11941,4
11942,4
11943,4
11944,4
11945,4
11946,6
11947,1
11948,5
11949,4
11950,2
11951,5
11952,4
11953,6
11954,0
11955,0
11956,3
11957,0
11958,4
11959,4
11960,4
11961,5
11962,6
11963,6
11964,3
11965,0
11966,0
11967,0
11968,4
11969,4
11970,3
11971,4
11972,6
11973,3
11974,4
11975,3
11976,3
11977,4
11978,3
11979,3
11980,4
11981,6
11982,4
11983,3
11984,4
11985,3
11986,4
11987,6
11988,4
11989,3
11990,4
11991,3
11992,4
11993,3
11994,6
11995,3
11996,6
11997,3
11998,3
11999,3
12000,3
12001,6
12002,3
12003,4
12004,4
12005,4
12006,4
12007,4
12008,4
12009,5
12010,1
12011,0
12012,4
12013,4
12014,4
12015,4
12016,2
12017,5
12018,4
12019,5
12020,5
12021,6
12022,5
12023,6
12024,4
12025,4
12026,4
12027,3
12028,6
12029,4
12030,4
12031,6
12032,4
12033,6
12034,3
12035,6
12036,4
12037,0
12038,5
12039,5
12040,0
12041,5
12042,0
12043,3
12044,4
12045,4
12046,4
12047,4
12048,3
12049,5
12050,4
12051,6
12052,5
12053,0
12054,6
12055,6
12056,3
12057,6
12058,3
12059,4
12060,4
12061,4
12062,4
12063,4
12064,6
12065,6
12066,6
12067,6
12068,3
12069,4
12070,4
12071,4
12072,6
12073,4
12074,4
12075,4
12076,3
12077,4
12078,4
12079,4
12080,4
12081,4
12082,4
12083,4
12084,4
12085,3
12086,4
12087,6
12088,6
12089,5
12090,5
12091,4
12092,4
12093,5
12094,5
12095,4
12096,6
12097,4
12098,5
12099,2
12100,2
12101,4
12102,4
12103,4
12104,2
12105,6
12106,2
12107,2
12108,4
12109,4
12110,4
12111,4
12112,4
12113,4
12114,5
12115,4
12116,4
12117,4
12118,4
12119,4
12120,4
12121,4
12122,4
12123,4
12124,3
12125,4
12126,4
12127,0
12128,4
12129,4
12130,4
12131,4
12132,4
12133,4
12134,4
12135,6
12136,6
12137,6
12138,4
12139,4
12140,3
12141,4
12142,3
12143,3
12144,4
12145,4
12146,3
12147,4
12148,4
12149,4
12150,4
12151,1
12152,4
12153,4
12154,3
12155,4
12156,4
12157,4
12158,4
12159,4
12160,4
12161,4
12162,4
12163,4
12164,4
12165,1
12166,1
12167,1
12168,1
12169,5
12170,1
12171,5
12172,3
12173,4
12174,5
12175,4
12176,4
12177,4
12178,3
12179,3
12180,4
12181,4
12182,2
12183,4
12184,5
12185,0
12186,4
12187,4
12188,0
12189,0
12190,4
12191,6
12192,4
12193,3
12194,0
12195,0
12196,4
12197,5
12198,0
12199,0
12200,0
12201,0
12202,0
12203,4
12204,0
12205,4
12206,0
12207,0
12208,0
12209,0
12210,0
12211,5
12212,4
12213,4
12214,3
12215,0
12216,2
12217,6
12218,0
12219,0
12220,4
12221,4
12222,6
12223,4
12224,2
12225,6
12226,4
12227,6
12228,4
12229,4
12230,4
12231,6
12232,4
12233,1
12234,1
12235,1
12236,0
12237,0
12238,4
12239,4
12240,4
12241,4
12242,3
12243,3
12244,3
12245,3
12246,4
12247,4
12248,4
12249,3
12250,5
12251,3
12252,3
12253,3
12254,4
12255,4
12256,4
12257,3
12258,4
12259,4
12260,3
12261,3
12262,3
12263,4
12264,4
12265,3
12266,3
12267,4
12268,4
12269,4
12270,4
12271,4
12272,4
12273,3
12274,6
12275,4
12276,3
12277,3
12278,4
12279,4
12280,3
12281,3
12282,4
12283,4
12284,4
12285,1
12286,4
12287,4
12288,4
12289,3
12290,0
12291,1
12292,0
12293,4
12294,0
12295,4
12296,3
12297,4
12298,0
12299,1
12300,0
12301,4
12302,1
12303,5
12304,3
12305,5
12306,4
12307,4
12308,4
12309,4
12310,4
12311,5
12312,5
12313,0
12314,3
12315,5
12316,5
12317,3
12318,5
12319,4
12320,0
12321,0
12322,5
12323,5
12324,5
12325,5
12326,5
12327,0
12328,5
12329,5
12330,5
12331,0
12332,0
12333,5
12334,5
12335,5
12336,4
12337,5
12338,5
12339,0
12340,5
12341,5
12342,5
12343,5
12344,4
12345,6
12346,6
12347,6
12348,3
12349,3
12350,4
12351,4
12352,4
12353,4
12354,4
12355,4
12356,4
12357,4
12358,4
12359,4
12360,6
12361,6
12362,4
12363,5
12364,4
12365,3
12366,4
12367,5
12368,6
12369,6
12370,3
12371,6
12372,6
12373,4
12374,4
12375,4
12376,4
12377,3
12378,6
12379,6
12380,3
12381,3
12382,6
12383,6
12384,4
12385,3
12386,3
12387,3
12388,5
12389,4
12390,4
12391,3
12392,5
12393,4
12394,4
12395,3
12396,1
12397,5
12398,3
12399,1
12400,1
12401,1
12402,5
12403,4
12404,4
12405,3
12406,4
12407,4
12408,1
12409,4
12410,3
12411,6
12412,4
12413,4
12414,3
12415,4
12416,4
12417,4
12418,0
12419,4
12420,4
12421,0
12422,4
12423,0
12424,4
12425,4
12426,4
12427,4
12428,4
12429,4
12430,4
12431,6
12432,0
12433,0
12434,6
12435,6
12436,0
12437,0
12438,6
12439,3
12440,3
12441,3
12442,0
12443,0
12444,6
12445,6
12446,0
12447,0
12448,0
12449,0
12450,6
12451,6
12452,0
12453,0
12454,3
12455,4
12456,0
12457,4
12458,0
12459,4
12460,4
12461,4
12462,4
12463,6
12464,6
12465,4
12466,4
12467,4
12468,4
12469,4
12470,4
12471,3
12472,3
12473,4
12474,3
12475,4
12476,4
12477,4
12478,3
12479,4
12480,4
12481,3
12482,4
12483,3
12484,4
12485,4
12486,4
12487,0
12488,0
12489,0
12490,0
12491,3
12492,6
12493,4
12494,0
12495,4
12496,0
12497,4
12498,0
12499,0
12500,4
12501,4
12502,4
12503,3
12504,4
12505,0
12506,0
12507,0
12508,0
12509,0
12510,3
12511,6
12512,1
12513,2
12514,3
12515,4
12516,0
12517,1
12518,3
12519,2
12520,5
12521,5
12522,0
12523,0
12524,3
12525,3
12526,4
12527,3
12528,5
12529,5
12530,0
12531,0
12532,3
12533,3
12534,4
12535,3
12536,5
12537,0
12538,0
12539,0
12540,0
12541,4
12542,0
12543,0
12544,0
12545,3
12546,3
12547,4
12548,3
12549,3
12550,2
12551,5
12552,0
12553,4
12554,0
12555,2
12556,0
12557,4
12558,0
12559,2
12560,4
12561,5
12562,0
12563,6
12564,0
12565,0
12566,0
12567,6
12568,0
12569,0
12570,6
12571,0
12572,0
12573,0
12574,6
12575,4
12576,4
12577,4
12578,4
12579,5
12580,4
12581,6
12582,0
12583,4
12584,4
12585,4
12586,4
12587,4
12588,4
12589,4
12590,4
12591,4
12592,6
12593,4
12594,5
12595,4
12596,4
12597,4
12598,4
12599,4
12600,3
12601,6
12602,4
12603,4
12604,6
12605,4
12606,4
12607,4
12608,4
12609,1
12610,5
12611,1
12612,4
12613,4
12614,4
12615,4
12616,3
12617,4
12618,3
12619,6
12620,4
12621,0
12622,3
12623,0
12624,6
12625,0
12626,4
12627,0
12628,3
12629,3
12630,4
12631,4
12632,4
12633,6
12634,5
12635,4
12636,4
12637,0
12638,6
12639,3
12640,3
12641,4
12642,4
12643,3
12644,4
12645,4
12646,4
12647,4
12648,4
12649,4
12650,3
12651,4
12652,3
12653,4
12654,5
12655,1
12656,1
12657,0
12658,0
12659,5
12660,6
12661,0
12662,5
12663,6
12664,0
12665,4
12666,0
12667,0
12668,0
12669,0
12670,2
12671,4
12672,3
12673,1
12674,1
12675,5
12676,6
12677,0
12678,3
12679,0
12680,1
12681,1
12682,0
12683,0
12684,5
12685,6
12686,0
12687,0
12688,4
12689,4
12690,3
12691,3
12692,3
12693,4
12694,6
12695,6
12696,6
12697,3
12698,3
12699,6
12700,3
12701,0
12702,5
12703,0
12704,6
12705,0
12706,4
12707,4
12708,4
12709,4
12710,4
12711,3
12712,6
12713,4
12714,3
12715,6
12716,3
12717,6
12718,3
12719,3
12720,4
12721,4
12722,4
12723,4
12724,4
12725,4
12726,3
12727,4
12728,5
12729,6
12730,5
12731,5
12732,4
12733,4
12734,4
12735,4
12736,3
12737,3
12738,3
12739,4
12740,4
12741,4
12742,4
12743,4
12744,4
12745,4
12746,3
12747,6
12748,4
12749,4
12750,4
12751,4
12752,4
12753,3
12754,3
12755,6
12756,4
12757,3
12758,6
12759,0
12760,4
12761,0
12762,0
12763,4
12764,0
12765,3
12766,4
12767,4
12768,0
12769,3
12770,5
12771,6
12772,5
12773,6
12774,4
12775,6
12776,4
12777,5
12778,4
12779,0
12780,4
12781,4
12782,4
12783,4
12784,0
12785,4
12786,4
12787,0
12788,4
12789,4
12790,4
12791,4
12792,4
12793,4
12794,4
12795,4
12796,4
12797,5
12798,4
12799,4
12800,4
12801,4
12802,3
12803,3
12804,4
12805,4
12806,4
12807,1
12808,6
12809,4
12810,6
12811,1
12812,4
12813,4
12814,1
12815,4
12816,1
12817,6
12818,4
12819,4
12820,1
12821,1
12822,4
12823,4
12824,1
12825,1
12826,4
12827,4
12828,4
12829,1
12830,1
12831,4
12832,6
12833,4
12834,4
12835,1
12836,1
12837,6
12838,4
12839,3
